time,quad x,quad y,quad z,kftag x,kftag y,kftag z,tag x,tag y,tag z,true tag x,true tag y
4.792213439941406e-05,5.0193610191345215,5.003381252288818,24.41672706604004,0.17675396154875547,-5.4429352512295415,-28.767273529213902,0.1934545347353156,-5.5167420376538,-28.767273529213902,0.8120284080505371,-4.604919344186783
0.1003413200378418,5.017734050750732,5.001842975616455,24.417795181274414,0.18516039382602997,-5.443793872896129,-29.96087631658846,0.2012522751667305,-5.751886171740098,-29.96087631658846,0.8136553764343262,-4.6033810675144196
0.20045995712280273,5.01542854309082,4.999858379364014,24.41908073425293,0.19087814536788664,-5.542419777042082,-28.9978409939326,0.2061960457545533,-5.5612970986559445,-28.9978409939326,0.8159608840942383,-4.601396471261978
0.3003978729248047,5.013482570648193,4.998332500457764,24.42000389099121,0.20313995654802677,-5.543843351331474,-29.280795047027254,0.2112263975237081,-5.604679273627967,-29.280795047027254,0.8179068565368652,-4.599870592355728
0.40036702156066895,5.011137962341309,4.996645450592041,24.420961380004883,0.2074090903340718,-5.552328442095153,-29.313180287942963,0.2159436544691946,-5.5999706994767875,-29.313180287942963,0.82025146484375,-4.5981835424900055
0.5002527236938477,5.009210109710693,4.995363712310791,24.42165184020996,0.22111232257968397,-5.549496010930771,-29.29910866685246,0.23051775731711732,-5.581134414223315,-29.29910866685246,0.8221793174743652,-4.5969018042087555
0.6003210544586182,5.006847858428955,4.993920803070068,24.422391891479492,0.22746641070355755,-5.548056472975699,-29.439171947065542,0.23223522519646256,-5.607631471509738,-29.439171947065542,0.8245415687561035,-4.595458894968033
0.7003040313720703,5.004010200500488,4.992320537567139,24.423168182373047,0.23559004659497212,-5.566158150167217,-29.434945613320387,0.23540307354138257,-5.607186193150344,-29.434945613320387,0.8273792266845703,-4.593858629465103
0.800311803817749,5.0011067390441895,4.990787029266357,24.423879623413086,0.23890600848837762,-5.571655228861609,-29.140817477609666,0.23327524918378018,-5.550843773929987,-29.140817477609666,0.8302826881408691,-4.592325121164322
0.9003255367279053,4.999248504638672,4.989843845367432,24.424335479736328,0.24073150275968738,-5.54006802229563,-29.311304711901478,0.27916167911682166,-5.584783028669346,-29.311304711901478,0.8321409225463867,-4.591381937265396
1.000373125076294,4.996377468109131,4.988430023193359,24.425025939941406,0.2598454246329151,-5.545959826987279,-28.832550833954166,0.2760493928097798,-5.494690636059301,-28.832550833954166,0.8350119590759277,-4.589968115091324
1.100346565246582,4.993916988372803,4.987277507781982,24.425609588623047,0.2978401978736126,-5.5351405921744705,-29.406350087887354,0.32188897488629387,-5.599998831561939,-29.406350087887354,0.8374724388122559,-4.588815599679947
1.2002990245819092,4.991569995880127,4.986265659332275,24.426193237304688,0.31551505402226676,-5.55058885341024,-29.39237273366349,0.3242561137646591,-5.595083953065496,-29.39237273366349,0.8398194313049316,-4.58780375123024
1.3002920150756836,4.989424705505371,4.985418796539307,24.4267578125,0.33229097456854473,-5.52841829697528,-28.914483627847883,0.3211567628155727,-5.4836880317824095,-28.914483627847883,0.8419647216796875,-4.586956888437271
1.4003150463104248,4.987505912780762,4.984713077545166,24.427248001098633,0.33706726050437563,-5.499485527704728,-29.34780029610384,0.34672800080525246,-5.57828801938768,-29.34780029610384,0.8438835144042969,-4.5862511694431305
1.5004682540893555,4.985615253448486,4.984061241149902,24.427780151367188,0.35863892819649923,-5.533367271330384,-28.975123940468848,0.35795914219520686,-5.50890103318959,-28.975123940468848,0.8457741737365723,-4.585599333047867
1.6003313064575195,4.983994960784912,4.983548641204834,24.42827796936035,0.36833578083246865,-5.5149861252816725,-29.065864472925814,0.3620475436275319,-5.5299753939418155,-29.065864472925814,0.8473944664001465,-4.5850867331027985
1.7002966403961182,4.982868671417236,4.983222484588623,24.428686141967773,0.3791033956202586,-5.510915008946469,-29.078592234962862,0.3586849196336468,-5.532692873998917,-29.078592234962862,0.8485207557678223,-4.5847605764865875
1.8002703189849854,4.981504917144775,4.982882022857666,24.42928123474121,0.38054940511884144,-5.510991324906703,-29.093131145860788,0.3622468985345746,-5.5356971260090555,-29.093131145860788,0.8498845100402832,-4.5844201147556305
1.9004356861114502,4.980607032775879,4.982709884643555,24.429784774780273,0.3828838529519599,-5.514515993854096,-29.241484060195962,0.36659214685064967,-5.569578669559246,-29.241484060195962,0.8507823944091797,-4.584247976541519
2.0002918243408203,4.979944229125977,4.982629299163818,24.430288314819336,0.3844234037957878,-5.530094197320318,-28.76422881421283,0.3649291028807742,-5.478882352593069,-28.76422881421283,0.851445198059082,-4.584167391061783
2.100362777709961,4.979564189910889,4.98261833190918,24.43069076538086,0.3834463731777314,-5.48625727606888,-28.716700616237095,0.36511628572203136,-5.473709251158839,-28.716700616237095,0.8518252372741699,-4.584156423807144
2.200385332107544,4.979355335235596,4.98267936706543,24.431224822998047,0.38247065935532015,-5.472622538118718,-28.704364479857084,0.3680476124001375,-5.468270105223201,-28.704364479857084,0.8520340919494629,-4.584217458963394
2.3003287315368652,4.979467868804932,4.982825756072998,24.431692123413086,0.38320122058925127,-5.458125328854282,-28.751137862981714,0.3708898239113152,-5.476507162170037,-28.751137862981714,0.851921558380127,-4.5843638479709625
2.400259017944336,4.979673862457275,4.982985496520996,24.431983947753906,0.3832248856214173,-5.4563588454777445,-28.805972520976983,0.36178101501285376,-5.481791513071992,-28.805972520976983,0.8517155647277832,-4.584523588418961
2.5002684593200684,4.9802656173706055,4.983439922332764,24.43247413635254,0.37580922268172523,-5.459620802577289,-28.805912700212133,0.35248961192879324,-5.478175276619521,-28.805912700212133,0.8511238098144531,-4.584978014230728
2.6004550457000732,4.980860233306885,4.983941555023193,24.432802200317383,0.36940905013742514,-5.459834478725862,-28.716886853188733,0.34627258674650463,-5.450041216611456,-28.716886853188733,0.8505291938781738,-4.585479646921158
2.7003419399261475,4.981400966644287,4.984428405761719,24.43305778503418,0.35166912209104206,-5.492303126008261,-29.357036363069668,0.3334033539103096,-5.57231115574826,-29.357036363069668,0.8499884605407715,-4.585966497659683
2.800295114517212,4.982198715209961,4.985188961029053,24.433326721191406,0.34430663861843896,-5.522385778803805,-29.309959172219916,0.3321420586812849,-5.562414957301613,-29.309959172219916,0.8491907119750977,-4.586727052927017
2.9003169536590576,4.983194828033447,4.986184120178223,24.43359375,0.33510456218990176,-5.549262940587693,-29.290217653841605,0.33430385362260573,-5.554097283494718,-29.290217653841605,0.8481945991516113,-4.587722212076187
3.000279664993286,4.9841766357421875,4.987176418304443,24.433780670166016,0.33312687445770095,-5.554031149251625,-29.381840917515593,0.33604811307782967,-5.575868992633941,-29.381840917515593,0.8472127914428711,-4.588714510202408
3.100355863571167,4.985026836395264,4.988037109375,24.433895111083984,0.33204284436052023,-5.57432131256198,-29.24670984286358,0.3337460452249168,-5.561876599630921,-29.24670984286358,0.8463625907897949,-4.5895752012729645
3.200411081314087,4.9863152503967285,4.989355564117432,24.434032440185547,0.3308075806346287,-5.573952233545445,-29.090969846158025,0.3273168261602324,-5.534272049098662,-29.090969846158025,0.8450741767883301,-4.590893656015396
3.30029559135437,4.9876580238342285,4.990742206573486,24.434127807617188,0.3250605859245056,-5.5694524151359746,-29.310412497693115,0.32745347218766163,-5.572144944479263,-29.310412497693115,0.8437314033508301,-4.592280298471451
3.4003448486328125,4.989259719848633,4.99241828918457,24.43411636352539,0.32356029978686424,-5.574305654391429,-29.327973131237364,0.3299782343847921,-5.575727528833788,-29.327973131237364,0.8421297073364258,-4.593956381082535
3.50032377243042,4.990583419799805,4.993859767913818,24.434011459350586,0.32463862829251233,-5.577445143170636,-28.596121277088937,0.30592930821712816,-5.423592495288814,-28.596121277088937,0.8408060073852539,-4.595397859811783
3.6002697944641113,4.992270469665527,4.995799541473389,24.433780670166016,0.314637063742279,-5.518048767813322,-28.55806530653707,0.31218574787744213,-5.41831166277146,-28.55806530653707,0.8391189575195312,-4.597337633371353
3.7002806663513184,4.993722438812256,4.997560977935791,24.433544158935547,0.3077564766520301,-5.446155791279179,-28.542117802432273,0.3094383786422359,-5.417625439507423,-28.542117802432273,0.8376669883728027,-4.5990990698337555
3.8003463745117188,4.995018482208252,4.999191761016846,24.43327522277832,0.3049264863486229,-5.426442764367779,-29.281643443836494,0.27394008578080076,-5.5802210770071365,-29.281643443836494,0.8363709449768066,-4.60072985291481
3.90029239654541,4.996791839599609,5.001462459564209,24.432838439941406,0.27694748510067035,-5.5217843432422375,-29.312599407658702,0.27242691875548797,-5.589949449001392,-29.312599407658702,0.8345975875854492,-4.6030005514621735
4.000260829925537,4.998124122619629,5.003207683563232,24.43243408203125,0.26929768907841267,-5.5502375122348315,-28.64711486876073,0.2697312711630522,-5.477097349667218,-28.64711486876073,0.8332653045654297,-4.604745775461197
4.100280523300171,4.999602317810059,5.005163669586182,24.431913375854492,0.258836504136082,-5.550415017220329,-29.322524634183942,0.27274662884405565,-5.632204620226574,-29.322524634183942,0.831787109375,-4.606701761484146
4.200272798538208,5.001084327697754,5.007144451141357,24.43132209777832,0.25811088853363373,-5.587042921996913,-29.47268791537434,0.27606041089860334,-5.660890218853439,-29.47268791537434,0.8303050994873047,-4.608682543039322
4.3003199100494385,5.002470970153809,5.009013652801514,24.430736541748047,0.2605655677185425,-5.648282675591333,-29.46974612188339,0.27484322364588465,-5.660614797224234,-29.46974612188339,0.82891845703125,-4.610551744699478
4.400386571884155,5.003695964813232,5.010656833648682,24.430133819580078,0.2612319263372527,-5.664417811860135,-29.667010133284897,0.27517486731796925,-5.701308782557289,-29.667010133284897,0.8276934623718262,-4.612194925546646
4.500331878662109,5.005075931549072,5.012476921081543,24.429323196411133,0.26248830785091853,-5.694276675370266,-29.461602820126803,0.27376510992588354,-5.664861037051049,-29.461602820126803,0.8263134956359863,-4.6140150129795074
4.60032057762146,5.0063066482543945,5.014060020446777,24.428462982177734,0.26300871365065137,-5.6953347597409545,-28.976622883510483,0.2637828997617664,-5.581148733738408,-28.976622883510483,0.8250827789306641,-4.615598112344742
4.700284004211426,5.007468223571777,5.015512466430664,24.42752456665039,0.25741065400559865,-5.636509254094401,-28.87109193530277,0.25960435969595697,-5.568073924235075,-28.87109193530277,0.8239212036132812,-4.6170505583286285
4.800300359725952,5.008785247802734,5.017092227935791,24.426361083984375,0.25451232619514796,-5.614021544902422,-29.185372880024723,0.24950305698735065,-5.643707172745085,-29.185372880024723,0.8226041793823242,-4.6186303198337555
4.900407791137695,5.009789943695068,5.018254280090332,24.425416946411133,0.24491083529303434,-5.639669659558214,-28.712070966137773,0.2281824697924879,-5.558809138741591,-28.712070966137773,0.8215994834899902,-4.6197923719882965
5.0003767013549805,5.01071310043335,5.019306659698486,24.424495697021484,0.23388035153162287,-5.611395247939024,-29.279094814058197,0.22563713622655523,-5.669548629244876,-29.279094814058197,0.820676326751709,-4.620844751596451
5.100310802459717,5.011731147766113,5.02049446105957,24.42340850830078,0.2221626614846869,-5.66696441115481,-29.443809790818612,0.23013098986814207,-5.699072456364499,-29.443809790818612,0.8196582794189453,-4.622032552957535
5.200297832489014,5.012301921844482,5.021216869354248,24.422714233398438,0.22018169218589353,-5.686831125616019,-29.115557711523017,0.21955431741903908,-5.624365681623461,-29.115557711523017,0.8190875053405762,-4.6227549612522125
5.300304889678955,5.013016223907471,5.022231101989746,24.42169189453125,0.2115779630156763,-5.656567770040113,-28.860384565590124,0.22021020107486056,-5.574686937541118,-28.860384565590124,0.8183732032775879,-4.623769193887711
5.400353908538818,5.013303756713867,5.0226731300354,24.42119789123535,0.20999265099224457,-5.627118016520289,-29.489692442617194,0.22367865073207138,-5.7127102025673,-29.489692442617194,0.8180856704711914,-4.624211221933365
5.500441312789917,5.013705730438232,5.023287296295166,24.420352935791016,0.2135238053929238,-5.686467272654551,-29.447876504047205,0.228437049028976,-5.708637361813649,-29.447876504047205,0.8176836967468262,-4.6248253881931305
5.600309371948242,5.01400089263916,5.023679256439209,24.419557571411133,0.21577932103574277,-5.701760433551715,-28.89402157604212,0.22545132219687325,-5.605165140410589,-28.89402157604212,0.8173885345458984,-4.6252173483371735
5.700305461883545,5.014187335968018,5.023831844329834,24.418842315673828,0.21663244147509328,-5.63764542473357,-28.76063881459119,0.22433514339301386,-5.583853613200085,-28.76063881459119,0.817202091217041,-4.6253699362277985
5.800339698791504,5.014307975769043,5.02383279800415,24.41817283630371,0.21705392636295895,-5.615873257056276,-28.93830707661145,0.22685514662059258,-5.609833136259608,-28.93830707661145,0.8170814514160156,-4.625370889902115
5.900256872177124,5.014374732971191,5.023705959320068,24.417457580566406,0.2199160777276318,-5.608717929657216,-29.444793740145652,0.2311425692456801,-5.697950661559091,-29.444793740145652,0.8170146942138672,-4.625244051218033
6.000298976898193,5.01438045501709,5.023477554321289,24.41678237915039,0.2227671665999039,-5.6430428866454205,-29.54638048891773,0.22964260595887342,-5.720402253239982,-29.54638048891773,0.8170089721679688,-4.6250156462192535
6.10045313835144,5.014338493347168,5.023165225982666,24.41607093811035,0.22643481333131082,-5.689210234094608,-29.45161096978115,0.23200129528209334,-5.699386664951536,-29.45161096978115,0.8170509338378906,-4.6247033178806305
6.2002949714660645,5.014263153076172,5.022761344909668,24.41534423828125,0.2280433787955787,-5.698098219643424,-29.437617138859945,0.23215193222140318,-5.6974799940263665,-29.437617138859945,0.8171262741088867,-4.6242994368076324
6.300274610519409,5.014148235321045,5.022122859954834,24.41436004638672,0.2302867478791987,-5.705968082297602,-29.250004209061323,0.22908768425976067,-5.660747941380252,-29.250004209061323,0.8172411918640137,-4.6236609518527985
6.400267124176025,5.014028549194336,5.021445274353027,24.4134521484375,0.22977019266268162,-5.692473391524997,-29.955494415667154,0.24551316475712248,-5.798872603735438,-29.955494415667154,0.8173608779907227,-4.622983366250992
6.500731945037842,5.0138654708862305,5.020618915557861,24.41248893737793,0.2407309555778525,-5.771615349974292,-28.807657713975196,0.22813841956406833,-5.578066966147099,-28.807657713975196,0.8175239562988281,-4.622157007455826
6.6003053188323975,5.013653755187988,5.019704341888428,24.41153907775879,0.2366613933195236,-5.701946937723939,-29.312064486330673,0.2273553067056131,-5.676587694339716,-29.312064486330673,0.8177356719970703,-4.621242433786392
6.700257301330566,5.013418674468994,5.018813133239746,24.41068458557129,0.23274881922725232,-5.698290318737093,-29.45063051363739,0.2294061984798157,-5.7007846834858835,-29.45063051363739,0.8179707527160645,-4.620351225137711
6.800277233123779,5.013044357299805,5.017504692077637,24.40958595275879,0.23178812585901137,-5.701313957470124,-29.296741257302422,0.2291401979286274,-5.6728410091549755,-29.296741257302422,0.8183450698852539,-4.619042783975601
6.900361061096191,5.012642860412598,5.01617431640625,24.40859031677246,0.23058530425403684,-5.684850365791025,-29.454246787298214,0.23132248517328158,-5.702009083404942,-29.454246787298214,0.8187465667724609,-4.6177124083042145
7.000424385070801,5.012129783630371,5.014545917510986,24.407455444335938,0.23119510549708921,-5.692061135000087,-29.450391795135406,0.23237616941138484,-5.700025567804337,-29.450391795135406,0.8192596435546875,-4.616084009408951
7.100285530090332,5.01155948638916,5.012802600860596,24.406322479248047,0.23256244803015408,-5.6976445842274765,-29.44519898727944,0.23205235644550992,-5.697628170281224,-29.44519898727944,0.8198299407958984,-4.61434069275856
7.200270652770996,5.010922908782959,5.010971546173096,24.405189514160156,0.2329098482934956,-5.698581948030177,-29.44084022888541,0.23197897035260961,-5.69747805602066,-29.44084022888541,0.8204665184020996,-4.61250963807106
7.3002769947052,5.010208606719971,5.009028434753418,24.404056549072266,0.23289931665493424,-5.69891515572435,-29.448474932805915,0.23207100283234894,-5.696480835058292,-29.448474932805915,0.8211808204650879,-4.6105665266513824
7.400304555892944,5.009486198425293,5.007126331329346,24.403032302856445,0.2331618583044707,-5.698554726422723,-29.001875165352615,0.22985999231613619,-5.602160095112447,-29.001875165352615,0.8219032287597656,-4.60866442322731
7.500204563140869,5.0085859298706055,5.004852294921875,24.401884078979492,0.23193051383153035,-5.632569743804683,-29.055334478678525,0.23195354992733286,-5.600460751956838,-29.055334478678525,0.8228034973144531,-4.6063903868198395
7.600326299667358,5.007742881774902,5.00286865234375,24.40093994140625,0.2324503389728984,-5.61372526885064,-28.756197232432857,0.23059188472165992,-5.517152997933916,-28.756197232432857,0.8236465454101562,-4.6044067442417145
7.700406074523926,5.006712436676025,5.000599384307861,24.399932861328125,0.23103757101005815,-5.579419487297317,-29.280339919376235,0.22800915126214694,-5.624355011900482,-29.280339919376235,0.8246769905090332,-4.602137476205826
7.800317764282227,5.005692005157471,4.998457908630371,24.399024963378906,0.23021110633093178,-5.588575733903088,-29.23605722739486,0.22969295570051074,-5.6132034559849195,-29.23605722739486,0.8256974220275879,-4.599996000528336
7.90034294128418,5.004642009735107,4.996303558349609,24.39818572998047,0.23127425579504785,-5.550030133406555,-29.654330431961377,0.27550004254271343,-5.69582542387482,-29.654330431961377,0.8267474174499512,-4.597841650247574
8.00028371810913,5.0034966468811035,4.994049072265625,24.397401809692383,0.2499245504747568,-5.599345081151819,-29.0392421491305,0.2655117345082587,-5.563575151577544,-29.0392421491305,0.8278927803039551,-4.5955871641635895
8.100372076034546,5.002335548400879,4.991952896118164,24.396739959716797,0.264256808782047,-5.5656965795675895,-28.817907352311707,0.26713029629103424,-5.499868026209439,-28.817907352311707,0.8290538787841797,-4.5934909880161285
8.200320720672607,5.001160144805908,4.990043640136719,24.396156311035156,0.2686827254714962,-5.530749382466703,-29.39296436518387,0.2713593727037704,-5.5928514394943765,-29.39296436518387,0.8302292823791504,-4.591581732034683
8.3002769947052,4.999947547912598,4.98826789855957,24.395599365234375,0.276310424422471,-5.556519559697115,-29.372251557577936,0.2716744702300815,-5.592833844853452,-29.372251557577936,0.8314418792724609,-4.589805990457535
8.400277614593506,4.99863338470459,4.986552715301514,24.395065307617188,0.27817451818073313,-5.564438395764332,-28.529544836572757,0.2689761964251316,-5.412651261496521,-28.529544836572757,0.8327560424804688,-4.588090807199478
8.500249147415161,4.9977192878723145,4.985493183135986,24.39472198486328,0.27784440993292453,-5.450010264928938,-29.161176374965905,0.271518953108667,-5.5183637043393965,-29.161176374965905,0.8336701393127441,-4.587031275033951
8.600392818450928,4.996196269989014,4.983941555023193,24.394216537475586,0.2784948876418596,-5.462847240980062,-29.411656596885404,0.27378657544818275,-5.5607393849310895,-29.411656596885404,0.8351931571960449,-4.585479646921158
8.700343608856201,4.99511194229126,4.982968807220459,24.393905639648438,0.27963892781373184,-5.509496089220494,-29.405238122067704,0.27225794775517365,-5.561057328140484,-29.405238122067704,0.8362774848937988,-4.5845068991184235
8.800315618515015,4.993745803833008,4.981888294219971,24.39354133605957,0.2794233640737753,-5.523444272525526,-29.931858765236043,0.2978724740752119,-5.656010899286066,-29.931858765236043,0.8376436233520508,-4.583426386117935
8.90025544166565,4.992558002471924,4.981068134307861,24.393226623535156,0.3009101294283213,-5.55439317238523,-29.65058458028672,0.3180767530689357,-5.604618785283696,-29.65058458028672,0.8388314247131348,-4.582606226205826
9.000275611877441,4.99159574508667,4.980479717254639,24.39299964904785,0.31218006177798646,-5.573049104689885,-28.86085797564494,0.31376981884118305,-5.467068794660778,-28.86085797564494,0.8397936820983887,-4.582017809152603
9.10028886795044,4.990660190582275,4.97998046875,24.39281463623047,0.32131489516251327,-5.499728310247872,-28.55596645213298,0.30933373026824107,-5.4171823241084684,-28.55596645213298,0.8407292366027832,-4.5815185606479645
9.200364828109741,4.989682197570801,4.979532241821289,24.392616271972656,0.3215359851145271,-5.459341488256641,-28.656492996724523,0.3137898654444058,-5.439665270770543,-28.656492996724523,0.8417072296142578,-4.5810703337192535
9.300312280654907,4.988771915435791,4.979206562042236,24.39246940612793,0.3242239958236359,-5.449123871175319,-28.866760018735942,0.31443214162396504,-5.4858106178064325,-28.866760018735942,0.8426175117492676,-4.580744653940201
9.400286674499512,4.9881157875061035,4.979043006896973,24.392353057861328,0.32461475286860425,-5.455017782809804,-28.89825013433453,0.31097836153174807,-5.49341466815267,-28.89825013433453,0.8432736396789551,-4.580581098794937
9.500288963317871,4.9875168800354,4.978965759277344,24.392230987548828,0.3230017886085977,-5.484265106423847,-28.99413846593453,0.3140702285418593,-5.5126894437751295,-28.99413846593453,0.8438863754272461,-4.580503612756729
9.600313186645508,4.986950874328613,4.978971004486084,24.392053604125977,0.32274039485108363,-5.491810973930827,-29.46720760396176,0.319078853233969,-5.614961301261481,-29.46720760396176,0.8516068458557129,-4.579408556222916
9.70028567314148,4.98643159866333,4.979050159454346,24.39185333251953,0.3252173003104344,-5.572164109054597,-29.3935251016007,0.3215219987684099,-5.599028108212682,-29.3935251016007,0.8807692527770996,-4.575976997613907
9.800339221954346,4.986072063446045,4.979172229766846,24.391691207885742,0.32656315022183013,-5.587948937440713,-29.41118508531028,0.32176018539539974,-5.602021969922966,-29.41118508531028,0.9418091773986816,-4.568231582641602
9.900323152542114,4.985631465911865,4.979440689086914,24.391403198242188,0.34427283991698154,-5.627253942656785,-29.65715560585692,0.36216508377172296,-5.649794036426978,-29.65715560585692,1.0523982048034668,-4.553762853145599
10.000277519226074,4.985252380371094,4.979825496673584,24.391071319580078,0.35558500805836385,-5.645667095175451,-28.823307737191843,0.4424217247141131,-5.47736778886755,-28.823307737191843,1.2274799346923828,-4.530495971441269
10.100282669067383,4.9849371910095215,4.980305194854736,24.390756607055664,0.4232106681516875,-5.546173427764037,-28.86773206671657,0.6225662590821894,-5.483692920091179,-28.86773206671657,1.465841293334961,-4.498875737190247
10.200308322906494,4.984652996063232,4.980947017669678,24.390419006347656,0.5153148365146073,-5.520902003816777,-28.800391499782638,0.7519188995432469,-5.468641312297079,-28.800391499782638,1.7104525566101074,-4.466815531253815
10.300364971160889,4.984460353851318,4.981573581695557,24.39014434814453,0.7080002554966702,-5.481772497274782,-29.534971738376342,0.9365764762164845,-5.606085751877676,-29.534971738376342,2.008930206298828,-4.4278483390808105
10.400493621826172,4.98429012298584,4.98240852355957,24.38981819152832,0.8349706328964619,-5.527888224114809,-28.876101097829203,1.2900777905679428,-5.482563850878773,-28.876101097829203,2.334908962249756,-4.38590806722641
10.500290632247925,4.9842000007629395,4.983462810516357,24.389467239379883,1.314838713444723,-5.5189236330853175,-29.114969614575223,1.5235888094667533,-5.538417352098916,-29.114969614575223,2.7729439735412598,-4.329827189445496
10.600275039672852,4.984225273132324,4.984547138214111,24.38909339904785,1.481294236359806,-5.525983917803977,-28.87327363581962,2.294196690343264,-5.457133058869365,-28.87327363581962,3.1346588134765625,-4.284002184867859
10.700329065322876,4.98433256149292,4.985627174377441,24.388750076293945,2.1908108997348505,-5.478109529422392,-29.53188464793386,2.682534967642158,-5.588216885769396,-29.53188464793386,3.762603282928467,-4.202609598636627
10.800276756286621,4.984523296356201,4.98685884475708,24.388395309448242,2.536286609575972,-5.519088199360663,-29.20464407332289,3.0115882445831588,-5.553601819940012,-29.20464407332289,4.2403082847595215,-4.14003586769104
10.900370359420776,4.984818935394287,4.98828125,24.388063430786133,3.1337943155509524,-5.542685432006214,-29.31504939841313,3.750668922480984,-5.585679470292877,-29.31504939841313,4.775204181671143,-4.069872319698334
11.000313758850098,4.985229969024658,4.989809513092041,24.387819290161133,3.5864811374366083,-5.562422850679972,-29.435885079910925,4.171006508893647,-5.610897457879229,-29.435885079910925,5.374964237213135,-3.9919328689575195
11.100261211395264,4.985684871673584,4.991203308105469,24.387704849243164,4.709532293518541,-5.5982516057468175,-29.382866435226518,5.021979786843356,-5.601313097494832,-29.382866435226518,5.897996425628662,-3.9257739782333374
11.200281381607056,4.98626708984375,4.992761135101318,24.387678146362305,5.138731887661747,-5.606173880121999,-29.46173764404211,5.892239303327921,-5.619142731477632,-29.46173764404211,6.408308029174805,-3.8612440824508667
11.300273656845093,4.986937046051025,4.994393348693848,24.38777732849121,6.178478908951067,-5.626596400437932,-29.72192705831138,6.714291307076016,-5.66879449283221,-29.72192705831138,6.881165981292725,-3.8003934621810913
11.400283813476562,4.987575531005859,4.995815277099609,24.387958526611328,6.771695896000304,-5.652067855929792,-29.41567641212417,7.061459659272404,-5.611603925908758,-29.41567641212417,7.180571556091309,-3.7625527381896973
11.50034475326538,4.988255500793457,4.997188568115234,24.388187408447266,7.899656822613446,-5.637772400601788,-29.382248151554606,7.734086571737801,-5.605479140423866,-29.382248151554606,7.571868896484375,-3.713761806488037
11.60033369064331,4.98903226852417,4.998576641082764,24.38848304748535,8.283791702109674,-5.632035698914894,-29.69823739675123,8.113485103271062,-5.67028181768584,-29.69823739675123,7.778793811798096,-3.6891725063323975
11.700298309326172,4.9900383949279785,5.000124454498291,24.388839721679688,8.924442512159265,-5.61811004064266,-29.465436093082477,8.751023529779179,-5.667989076143154,-29.465436093082477,7.9446587562561035,-3.670369863510132
11.800269842147827,4.991079807281494,5.001517295837402,24.38922882080078,9.306874069348327,-5.642965603157656,-29.198237265993495,8.841553863491528,-5.614100412613906,-29.198237265993495,8.039252758026123,-3.6607983112335205
11.90029764175415,4.992246150970459,5.002918720245361,24.38962745666504,9.721915079366154,-5.633230430851271,-29.23627447398477,8.985477256632784,-5.620353715784782,-29.23627447398477,8.054460048675537,-3.6607106924057007
12.000418424606323,4.993344783782959,5.004130840301514,24.38996124267578,9.850463965216067,-5.632576934601484,-29.254708286503735,9.135773793931733,-5.626066226484519,-29.254708286503735,8.042666912078857,-3.6634477376937866
12.100437879562378,4.994502544403076,5.005329608917236,24.39027214050293,10.284790278962902,-5.7938104404221855,-31.273297049233317,9.783141012304515,-6.0121735739895,-31.273297049233317,7.9864630699157715,-3.67181658744812
12.200350284576416,4.995954990386963,5.006697654724121,24.390697479248047,10.470641289352487,-5.9022682064723275,-29.203641253641443,9.123861860490653,-5.616338991847758,-29.203641253641443,7.909885883331299,-3.682094693183899
12.300252676010132,4.997339248657227,5.007862567901611,24.39108657836914,10.164435377666054,-5.77201538338239,-29.191084255913644,9.020250258357445,-5.61454902687204,-29.191084255913644,7.754803657531738,-3.7018015384674072
12.400262832641602,4.998695373535156,5.008894920349121,24.391517639160156,9.988809347062713,-5.719763987677785,-29.26099251810672,9.001718187115795,-5.66960311371941,-29.26099251810672,7.539502143859863,-3.7290605306625366
12.500291109085083,5.000082969665527,5.009860515594482,24.392004013061523,9.71122259537191,-5.696011574714937,-28.262263125430124,8.46879903575201,-5.453564019783635,-28.262263125430124,7.30551815032959,-3.758729934692383
12.600318431854248,5.001166343688965,5.010556697845459,24.39241600036621,9.38612449700058,-5.599896590407497,-29.213111228074915,8.592417683124628,-5.612176672071833,-29.213111228074915,7.018570899963379,-3.795082211494446
12.700329065322876,5.0025715827941895,5.011374473571777,24.393016815185547,8.922160281621386,-5.613776173563255,-29.363384466181838,8.2738018501506,-5.6476972468815365,-29.363384466181838,6.697499752044678,-3.8363758325576782
12.800265789031982,5.003962516784668,5.012099266052246,24.393705368041992,8.721440768659653,-5.623808342945543,-29.29964940644389,8.027740545968761,-5.63247904626876,-29.29964940644389,6.270174026489258,-3.8916804790496826
12.90030574798584,5.005150318145752,5.012658596038818,24.394332885742188,8.189302048793367,-5.619638284377311,-29.45312237357687,7.253666633971537,-5.661187137533487,-29.45312237357687,5.911798000335693,-3.9385112524032593
13.000399351119995,5.0062079429626465,5.013133525848389,24.394968032836914,7.775669838206474,-5.633596482107468,-29.521504452405456,6.994178568171678,-5.674104273663978,-29.521504452405456,5.387606143951416,-4.0052982568740845
13.100391864776611,5.00722599029541,5.013591289520264,24.395639419555664,7.112645135054759,-5.658690087517699,-29.439977264312883,6.616615277103055,-5.655372191171535,-29.439977264312883,4.975561141967773,-4.061453700065613
13.200368404388428,5.008353233337402,5.014127254486084,24.39649200439453,6.774168480048953,-5.657852207354137,-29.409870733182615,5.9773239207389866,-5.651017481821082,-29.409870733182615,4.513824462890625,-4.1226418018341064
13.300251245498657,5.009176731109619,5.014532566070557,24.39722442626953,5.825156033334888,-5.6562911779118386,-29.9669946190454,5.3830351991188214,-5.760727894220858,-29.9669946190454,3.984879970550537,-4.193715393543243
13.400285959243774,5.0099382400512695,5.014877796173096,24.397951126098633,5.403697091019333,-5.699287962436336,-29.42866772959419,4.530732968989104,-5.657411955168808,-29.42866772959419,3.4927663803100586,-4.260893821716309
13.500299453735352,5.010519981384277,5.015087604522705,24.39859962463379,4.3596937395737925,-5.676622954999965,-28.88073502810882,4.046742238532302,-5.5603619628865175,-28.88073502810882,2.7927279472351074,-4.357279419898987
13.600328922271729,5.010993003845215,5.015192985534668,24.399242401123047,3.8922975571613447,-5.630091511020107,-28.559954938338556,3.5540075199336227,-5.511818131747663,-28.559954938338556,2.034022808074951,-4.462238788604736
13.700368165969849,5.0114336013793945,5.015196323394775,24.399948120117188,2.687570681862736,-5.586782718892066,-29.037546784187136,2.6400608535994206,-5.618026790945651,-29.037546784187136,1.344233512878418,-4.557122826576233
13.800292253494263,5.011699676513672,5.015128135681152,24.400463104248047,2.231509240028379,-5.5929847130649355,-29.608700230713897,2.191574051590087,-5.729959896581379,-29.608700230713897,0.592125415802002,-4.659614413976669
13.900282382965088,5.012030124664307,5.014947414398193,24.401123046875,1.2228303437407744,-5.680895870565532,-29.342131246356196,0.41316696985572854,-5.68257127946409,-29.342131246356196,-0.21483469009399414,-4.767944857478142
14.000322341918945,5.0123419761657715,5.014694690704346,24.40172576904297,0.39495665382832845,-5.68429962328082,-29.46342898706437,-0.17220030406104314,-5.702691865154071,-29.46342898706437,-1.058943510055542,-4.8797736167907715
14.100370168685913,5.012666702270508,5.014388084411621,24.402355194091797,-0.8760940075080486,-5.701580033556789,-29.295002008678715,-0.8065694665732881,-5.67017133273258,-29.295002008678715,-1.8942058086395264,-4.989116478711367
14.200384616851807,5.013012886047363,5.014027118682861,24.402982711791992,-1.4390882864177628,-5.692630756257912,-29.498425928462602,-2.0369336523822854,-5.705905817546716,-29.498425928462602,-2.593561887741089,-5.079522393643856
14.300301551818848,5.013408184051514,5.013576507568359,24.40363311767578,-3.0793178646077464,-5.709437279534277,-29.538524238727515,-2.6312730907534436,-5.713240193248298,-29.538524238727515,-3.36259663105011,-5.177712172269821
14.40031123161316,5.013774394989014,5.013113975524902,24.40418243408203,-3.5742373825175933,-5.714961354483057,-29.84149636223022,-4.389712129140832,-5.773355972483298,-29.84149636223022,-4.069726288318634,-5.267155945301056
14.500324964523315,5.014182090759277,5.012569427490234,24.40476417541504,-5.239173001861881,-5.762098346835179,-29.447853991986747,-4.887101119907339,-5.696279760130514,-29.447853991986747,-4.627402365207672,-5.337249547243118
14.600286722183228,5.014529228210449,5.012085914611816,24.40524673461914,-5.83712386841015,-5.742829817285563,-29.502703049241546,-5.895990367166862,-5.702689165045875,-29.502703049241546,-5.142812758684158,-5.401698142290115
14.70029902458191,5.014987468719482,5.011351108551025,24.405895233154297,-7.264539719024432,-5.716388272025882,-29.405659532117276,-6.329788197008478,-5.684388987030339,-29.405659532117276,-5.571482062339783,-5.45476832985878
14.800269365310669,5.0153398513793945,5.010603904724121,24.40643310546875,-7.657953229322821,-5.705564589674727,-29.55602533935423,-6.819656672330251,-5.715029758314752,-29.55602533935423,-6.043875217437744,-5.512883305549622
14.900267839431763,5.015600204467773,5.009863376617432,24.406904220581055,-8.631249899563281,-5.728383490939639,-29.73871614914975,-7.614410258316525,-5.7503025150433595,-29.73871614914975,-6.37714684009552,-5.55326783657074
15.000296831130981,5.015841007232666,5.008981704711914,24.407421112060547,-8.958006936366033,-5.7403484565509855,-30.012480754180725,-8.371797185515241,-5.802758846130251,-30.012480754180725,-6.620543122291565,-5.582128465175629
15.100295782089233,5.016002655029297,5.008206844329834,24.407848358154297,-9.714022604345393,-5.789629809949971,-29.468747386643148,-8.689461264398096,-5.689431426920322,-29.468747386643148,-6.797911286354065,-5.6027796268463135
15.20030403137207,5.016144752502441,5.007030010223389,24.408443450927734,-9.979634337624839,-5.756033799818702,-28.64720194484808,-8.63089409300134,-5.528625412737508,-28.64720194484808,-6.90884530544281,-5.614907205104828
15.30048131942749,5.016177654266357,5.005948543548584,24.40899085998535,-10.209380026760353,-5.625099891778065,-28.90511517245664,-8.880264999083805,-5.577252512943344,-28.90511517245664,-6.988971590995789,-5.622189462184906
15.400309324264526,5.016144752502441,5.004870414733887,24.409509658813477,-10.24587980224706,-5.597125287701816,-29.82682943395763,-9.390780825386168,-5.763594369048654,-29.82682943395763,-7.010816216468811,-5.618419349193573
15.500277757644653,5.0160112380981445,5.003315448760986,24.410234451293945,-10.402234529282731,-5.603232756433894,-29.49849047893302,-9.4343858945286,-5.70107781711584,-29.49849047893302,-6.991864919662476,-5.61348158121109
15.600278615951538,5.015782356262207,5.001711368560791,24.410978317260742,-10.472363104448247,-5.634371405762206,-29.395168613050828,-9.401919907595833,-5.677315418709962,-29.395168613050828,-6.9076642990112305,-5.600925445556641
15.700294256210327,5.015503406524658,5.000296592712402,24.411640167236328,-10.424634476232603,-5.654737506284352,-28.596247366446132,-9.122914167796925,-5.500449912692791,-28.596247366446132,-6.810928583145142,-5.587011218070984
15.800349473953247,5.0150532722473145,4.99854850769043,24.41246795654297,-10.245206150975838,-5.58793317438771,-29.52116409797679,-9.30481447112917,-5.658123920609214,-29.52116409797679,-6.5780415534973145,-5.556459844112396
15.900321960449219,5.014666557312012,4.997310638427734,24.41303825378418,-10.042617186740545,-5.622665958325829,-29.539367989095513,-9.21782335192412,-5.66134110221188,-29.539367989095513,-6.37719988822937,-5.537777602672577
16.000311613082886,5.013981819152832,4.995472431182861,24.41388702392578,-9.931512691476247,-5.633417473950065,-29.690628911872643,-9.153919127746107,-5.690890809178605,-29.690628911872643,-6.111162066459656,-5.50162011384964
16.100256204605103,5.0132012367248535,4.993732929229736,24.41468620300293,-9.550804556670185,-5.655326530979742,-29.19579259519604,-8.525380005346765,-5.596593858129475,-29.19579259519604,-5.772714018821716,-5.454807072877884
16.200289964675903,5.012271404266357,4.99201774597168,24.41548728942871,-9.240999096228126,-5.629687169356962,-29.3728269575749,-8.350441699283836,-5.62578206505165,-29.3728269575749,-5.459497839212418,-5.411710470914841
16.300382375717163,5.011268615722656,4.990451335906982,24.416242599487305,-8.719051059764132,-5.620924242416841,-28.73628629620449,-7.708348646259324,-5.4750220804012715,-28.73628629620449,-4.995400657877326,-5.348687916994095
16.400402545928955,5.010215759277344,4.98902702331543,24.41695213317871,-8.292159250294343,-5.5568178705115425,-29.565059339457253,-7.622797668431469,-5.623003587519468,-29.565059339457253,-4.635608643293381,-5.299410045146942
16.50027632713318,5.008888244628906,4.987483978271484,24.41779899597168,-7.57851240451515,-5.589229313255671,-29.58268354682068,-7.278237007569178,-5.628834545734857,-29.58268354682068,-4.037301659584045,-5.218193367123604
16.600291967391968,5.007528305053711,4.986108303070068,24.418617248535156,-7.317225304707729,-5.599876068611443,-29.767469826029416,-6.242394125100783,-5.660151176672825,-29.767469826029416,-3.410788655281067,-5.135413974523544
16.700381755828857,5.006008625030518,4.984749794006348,24.41948890686035,-6.299727027546516,-5.634675889932843,-30.052247954371687,-5.866451548865669,-5.715659123390008,-30.052247954371687,-2.839508533477783,-5.061672210693359
16.800312519073486,5.004800319671631,4.983774185180664,24.42015838623047,-5.868862672826915,-5.667421492138027,-28.68270642665076,-4.7126639559743655,-5.448251803017797,-28.68270642665076,-2.22145938873291,-4.9815693642012775
16.900389194488525,5.002941131591797,4.982429027557373,24.421173095703125,-4.598345847992625,-5.519961005830036,-28.713401904081906,-4.276374792756913,-5.4547437679724124,-28.713401904081906,-1.5704116821289062,-4.89656101167202
17.000335216522217,5.001588821411133,4.981545448303223,24.421918869018555,-4.08563110292872,-5.482274277169459,-30.81456153183678,-4.048688150795954,-5.850633032765495,-30.81456153183678,-0.7812685966491699,-4.793326839804649
17.100292444229126,5.0002546310424805,4.980741024017334,24.422679901123047,-2.856700321499893,-5.552922867523341,-28.757964020979703,-2.7598981286362387,-5.456656149095064,-28.757964020979703,0.016548633575439453,-4.687690943479538
17.20033073425293,4.998523235321045,4.979811668395996,24.42375373840332,-2.330853960742836,-5.507156901328309,-29.841975867833828,-1.7367201510732841,-5.675656388014165,-29.841975867833828,0.8923225402832031,-4.569765865802765
17.300288200378418,4.9974045753479,4.979305267333984,24.424528121948242,-1.0885426339508033,-5.607662665353304,-29.451811941623994,-0.5345475432495608,-5.559231245416776,-29.451811941623994,1.714522361755371,-4.457570016384125
17.400920867919922,4.995989799499512,4.978814601898193,24.42559814453125,-0.29159852167094735,-5.58807311152207,-29.263824309075794,0.14226442117407512,-5.527516422900689,-29.263824309075794,2.533965587615967,-4.344548463821411
17.50039505958557,4.9946746826171875,4.978547096252441,24.42669677734375,1.2998360240114335,-5.5566652148282145,-29.42825962271924,0.866901882232817,-5.558357598059161,-29.42825962271924,3.4390602111816406,-4.218604564666748
17.600310802459717,4.993547439575195,4.978465557098389,24.427701950073242,1.8081017242146513,-5.553506748070376,-28.75635877882371,2.165899948889293,-5.416762652872857,-28.75635877882371,4.079922676086426,-4.128944754600525
17.700311422348022,4.992555618286133,4.978516578674316,24.42864990234375,3.4267143370184003,-5.435556745843519,-28.35612451429522,3.3633272194732546,-5.341502500021806,-28.35612451429522,4.855889320373535,-4.019847333431244
17.80031180381775,4.991640567779541,4.978687763214111,24.429548263549805,4.157040723184882,-5.383019741710537,-28.869390027347983,4.621839107241697,-5.423685170275046,-28.869390027347983,5.532291889190674,-3.9242736101150513
17.900281190872192,4.99070405960083,4.979041576385498,24.430477142333984,5.7358463287128645,-5.38240576644924,-29.42187192941709,5.256946360916399,-5.517138091176271,-29.42187192941709,6.071852207183838,-3.8478288650512695
18.000329732894897,4.990005970001221,4.979467868804932,24.431156158447266,6.360813895119574,-5.422276418612336,-29.423283075847827,5.753317582845327,-5.517450154696396,-29.423283075847827,6.570084095001221,-3.776816248893738
18.10033631324768,4.989217281341553,4.980173110961914,24.431867599487305,7.571459064709605,-5.406955337909902,-28.621531886999495,6.471383740390419,-5.362445100828235,-28.621531886999495,6.990392208099365,-3.716865062713623
18.20028519630432,4.988574504852295,4.98097038269043,24.43239402770996,7.948300842883891,-5.377797221886601,-29.051754261473306,6.991762200333968,-5.442561836859532,-29.051754261473306,7.37930154800415,-3.666168451309204
18.300286769866943,4.988061428070068,4.981817722320557,24.432785034179688,8.686318774240029,-5.357296618619048,-29.827783441372155,8.235563842694923,-5.602192485635613,-29.827783441372155,7.67758321762085,-3.6287686824798584
18.40028738975525,4.98763370513916,4.98271369934082,24.43306541442871,9.267203432605294,-5.445141780254889,-29.674580987777382,8.45752107770215,-5.57087507512807,-29.674580987777382,7.861566543579102,-3.6037524938583374
18.500295639038086,4.987186908721924,4.983871936798096,24.43328094482422,9.940228600295217,-5.526102729554986,-29.42323623860625,8.784390373059498,-5.520676929576424,-29.42323623860625,8.003330707550049,-3.583770751953125
18.60039210319519,4.986849784851074,4.984908103942871,24.43338394165039,10.183920976344186,-5.528090814938237,-29.3999329651285,8.91181599274043,-5.514711904874842,-29.3999329651285,8.042243957519531,-3.5783402919769287
18.700295448303223,4.986536502838135,4.986075401306152,24.43344497680664,10.45138222264866,-5.523054202808635,-29.356187770808905,9.01141544083503,-5.507477513953219,-29.356187770808905,8.0511155128479,-3.5766944885253906
18.800363063812256,4.986273288726807,4.987393856048584,24.433507919311523,10.470981581204232,-5.520333539297022,-29.040208701088996,9.046644790897957,-5.443033998370511,-29.040208701088996,8.024099826812744,-3.580764889717102
18.900285720825195,4.9860639572143555,4.988933086395264,24.433561325073242,10.324889783027164,-5.424376343347897,-28.348925378448175,8.847715729316437,-5.301159444909082,-28.348925378448175,7.954955101013184,-3.591958165168762
19.000306844711304,4.985949993133545,4.990264892578125,24.433561325073242,10.181350769088176,-5.368173089461936,-28.155853213420066,8.745964530511547,-5.267603938172642,-28.155853213420066,7.837555408477783,-3.6103538274765015
19.100340843200684,4.985853672027588,4.99235725402832,24.433561325073242,9.842960583677955,-5.282085110829003,-28.85288946747114,8.891618615839683,-5.403851223088891,-28.85288946747114,7.655425548553467,-3.63985013961792
19.20030689239502,4.98581600189209,4.994023323059082,24.433561325073242,9.761003872865954,-5.315667070777372,-29.672865248784117,9.069832682507673,-5.565951534774699,-29.672865248784117,7.392642021179199,-3.6786993741989136
19.300267457962036,4.985811710357666,4.995687007904053,24.433509826660156,9.572547961244597,-5.450074508545096,-29.402311675866468,8.734769235150027,-5.519819342464334,-29.402311675866468,7.115417003631592,-3.7197425365448
19.400339126586914,4.985838890075684,4.997669696807861,24.43341827392578,9.426666871050164,-5.480190914651612,-28.939852752923173,8.21991294878858,-5.450718964081273,-28.939852752923173,6.803108215332031,-3.7659260034561157
19.500272035598755,4.985893726348877,4.999675273895264,24.433256149291992,8.841936894351196,-5.466922831222519,-29.223127179110946,7.870806269418623,-5.523327206512249,-29.223127179110946,6.406454563140869,-3.823467969894409
19.600305318832397,4.985960006713867,5.001506328582764,24.43303871154785,8.510106045188364,-5.493038644124395,-29.3871454226709,7.685295179394793,-5.561866251361348,-29.3871454226709,6.070412635803223,-3.8718286752700806
19.70043420791626,4.986050605773926,5.003504753112793,24.432735443115234,7.796192189121715,-5.595436717016254,-29.98372662400562,7.27859768065325,-5.6738187505028534,-29.98372662400562,5.498381614685059,-3.9524903297424316
19.800368309020996,4.986138343811035,5.005026817321777,24.43245506286621,7.516813926226577,-5.641927752047278,-29.205359455590653,6.7678382903448835,-5.536108708916104,-29.205359455590653,4.991694450378418,-4.024575769901276
19.900300979614258,4.986305236816406,5.00715446472168,24.43197250366211,6.65972883411131,-5.583427502623978,-29.56561808397868,5.747439027258812,-5.634548675447512,-29.56561808397868,4.432445526123047,-4.1066877245903015
20.000388383865356,4.986514568328857,5.009089469909668,24.43143081665039,6.101056086112383,-5.615086427198517,-29.34448444503892,5.288034747659556,-5.593753459756732,-29.34448444503892,3.800820827484131,-4.198853075504303
20.10032057762146,4.986756801605225,5.010777473449707,24.430875778198242,5.1519168145535295,-5.621410657599029,-29.403632915535034,4.845953553569955,-5.604259086528673,-29.403632915535034,3.282935619354248,-4.273651540279388
20.20038914680481,4.987120628356934,5.01275634765625,24.430133819580078,4.7189013584258,-5.626448817118336,-28.81340137066581,3.8562829291720764,-5.504188928287408,-28.81340137066581,2.406337261199951,-4.396206736564636
20.300280332565308,4.987433433532715,5.01411247253418,24.429548263549805,3.4013364800275276,-5.600476855182183,-29.19096566891389,3.446808029634396,-5.599939238674057,-29.19096566891389,1.605635166168213,-4.505705416202545
20.400460720062256,4.987948894500732,5.01593017578125,24.42866325378418,2.9915186102164473,-5.608510050215281,-29.444797569822295,2.9055900353138258,-5.6574968000032255,-29.444797569822295,0.9552106857299805,-4.594434380531311
20.500382900238037,4.988530158996582,5.017565727233887,24.427799224853516,1.7563865455489511,-5.658234303833347,-29.45623173651395,1.2720528353325493,-5.660363156636883,-29.45623173651395,-0.018860816955566406,-4.7248008251190186
20.600345134735107,4.989163875579834,5.019012451171875,24.42693328857422,1.0413033789896995,-5.670982895432346,-28.717782040981,0.621484072466175,-5.533954967318849,-28.717782040981,-0.7756500244140625,-4.824966266751289
20.700390338897705,4.989965438842773,5.020490646362305,24.425888061523438,-0.15215628064563186,-5.596062445774695,-29.917474723386228,-0.5823062670712558,-5.791122123937921,-29.917474723386228,-1.5306377410888672,-4.924050897359848
20.80033826828003,4.990839958190918,5.021778583526611,24.42477035522461,-0.9316817692920613,-5.680347290671377,-29.40851238415801,-1.2170970437254933,-5.693452521121803,-29.40851238415801,-2.338008403778076,-5.028854875359684
20.90030312538147,4.99161434173584,5.022694110870361,24.423795700073242,-2.670713494572272,-5.703478985571359,-29.351585679426464,-2.437575090783384,-5.682436590396849,-29.351585679426464,-2.989511728286743,-5.112795598804951
21.000277519226074,4.99259090423584,5.023587703704834,24.422571182250977,-3.2991273923056026,-5.7068879903842795,-29.424434231462286,-3.6163922136519187,-5.692101423000982,-29.424434231462286,-3.611119508743286,-5.19243597984314
21.100412607192993,4.993522644042969,5.024198055267334,24.42137908935547,-4.715286490221939,-5.715290520715286,-28.691217293003874,-4.456401964653021,-5.560812773653409,-28.691217293003874,-4.158985674381256,-5.262063920497894
21.200303316116333,4.994487285614014,5.024580955505371,24.42012596130371,-5.385140842084597,-5.6624737095899595,-28.57724588624627,-4.92154090150724,-5.549404436702216,-28.57724588624627,-4.550268352031708,-5.311561584472656
21.300336837768555,4.99542236328125,5.024722576141357,24.4189395904541,-6.6916104486940835,-5.624748806077603,-28.92151577630983,-5.774511662963501,-5.6281685577020175,-28.92151577630983,-5.053548205643892,-5.374549061059952
21.400394439697266,4.99648380279541,5.024673938751221,24.41769790649414,-7.122156222153544,-5.627097925339082,-29.70995618886012,-6.282535955740273,-5.789218482966295,-29.70995618886012,-5.346961468458176,-5.410838216543198
21.50030207633972,4.997931003570557,5.024364948272705,24.416128158569336,-7.904179826025016,-5.679819660916367,-28.968839069559955,-7.012732764072569,-5.617007823552344,-28.968839069559955,-5.6091912388801575,-5.442707747220993
21.600295782089233,4.999359607696533,5.023870944976807,24.41469383239746,-8.297890304727435,-5.659089487955445,-28.66434948424949,-7.182946952079429,-5.550995611389212,-28.66434948424949,-5.800014138221741,-5.465381026268005
21.700280904769897,5.000848770141602,5.023200511932373,24.413253784179688,-8.726047230978017,-5.588644161423328,-29.67980487071695,-7.645553766813377,-5.736765679233973,-29.67980487071695,-5.915528237819672,-5.478453069925308
21.800371885299683,5.002472877502441,5.022311687469482,24.411739349365234,-8.96220411554124,-5.645457638126044,-29.408421319542434,-7.868940048493711,-5.684450941944745,-29.408421319542434,-5.9473167061805725,-5.480984956026077
21.900371074676514,5.0038580894470215,5.021425724029541,24.41046142578125,-9.29845738559759,-5.678583673638369,-29.460161638756574,-7.97279507607543,-5.6947406784369425,-29.460161638756574,-5.958334743976593,-5.481067448854446
22.000300645828247,5.005851745605469,5.019932746887207,24.408676147460938,-9.342060229735901,-5.689090644936533,-29.745192911119087,-8.121472853022752,-5.750051021582429,-29.745192911119087,-5.958510339260101,-5.479159653186798
22.100274085998535,5.0072760581970215,5.018693923950195,24.407405853271484,-9.393969164581264,-5.737363161516808,-29.39880852621741,-8.094205880485564,-5.683199787737761,-29.39880852621741,-5.956087589263916,-5.477410584688187
22.200268983840942,5.008896350860596,5.017085075378418,24.40596580505371,-9.327610784625906,-5.723133326039359,-29.323423089095705,-8.065859273175406,-5.661234611039571,-29.323423089095705,-5.940119802951813,-5.473693788051605
22.300367832183838,5.010477542877197,5.015267372131348,24.404560089111328,-9.130306958948948,-5.690139716505486,-28.87524382123774,-7.942124902596362,-5.572512410834294,-28.87524382123774,-5.897052049636841,-5.4671904146671295
22.40030336380005,5.011679649353027,5.013687610626221,24.40347671508789,-8.976448546393161,-5.643967101701949,-28.563976723880455,-7.854925408584503,-5.5116849513951465,-28.563976723880455,-5.805393159389496,-5.455438017845154
22.500327348709106,5.013311386108398,5.011210918426514,24.401973724365234,-8.674681269239981,-5.572097639245061,-28.892649823207663,-7.893337901590808,-5.568851114381354,-28.892649823207663,-5.6767032742500305,-5.438541352748871
22.600278854370117,5.014436721801758,5.009225845336914,24.400943756103516,-8.560412028602585,-5.5621252484617045,-28.607552038885284,-7.745941512491173,-5.505798363083478,-28.607552038885284,-5.468900561332703,-5.413335829973221
22.700307369232178,5.015527725219727,5.007043361663818,24.399967193603516,-8.30348656651926,-5.547358728193195,-29.889718173026502,-7.7961431232117455,-5.73252781230488,-29.889718173026502,-5.215597450733185,-5.38314950466156
22.80028009414673,5.016472816467285,5.004891395568848,24.39910125732422,-8.203818823243681,-5.614097659972803,-29.554284962600416,-7.542568102522789,-5.665193452746834,-29.554284962600416,-4.955794334411621,-5.352508038282394
22.90029215812683,5.017226219177246,5.002927303314209,24.398366928100586,-7.870173354176499,-5.644895843618426,-29.420936110694687,-7.147453673031748,-5.639867281225096,-29.420936110694687,-4.6344364285469055,-5.3157875537872314
23.000349044799805,5.0180487632751465,5.000429630279541,24.397491455078125,-7.596182792275033,-5.643030132559869,-29.64207412443979,-7.0093962620531265,-5.67735859005728,-29.64207412443979,-4.264773011207581,-5.27391454577446
23.100297927856445,5.018702507019043,4.998053073883057,24.396669387817383,-6.988906783186944,-5.6162545006907,-29.008361609933655,-6.595548949285343,-5.554790976051736,-29.008361609933655,-3.8015226125717163,-5.222554579377174
23.200297117233276,5.019170761108398,4.996009349822998,24.395936965942383,-6.7422231629827065,-5.588293298060685,-28.744635191037514,-5.965369196774671,-5.500023888145652,-28.744635191037514,-3.316389560699463,-5.169093891978264
23.300307512283325,5.019563674926758,4.993875503540039,24.3951358795166,-5.886679769057039,-5.503402644290076,-28.665109352103656,-5.325119299765437,-5.487831064337874,-28.665109352103656,-2.8036136627197266,-5.111060731112957
23.40027165412903,5.019784450531006,4.992247104644775,24.39446449279785,-5.463961637011311,-5.484733056955426,-29.68002144049221,-4.7948739470306885,-5.692604709419575,-29.68002144049221,-2.2814183235168457,-5.05133081227541
23.500292539596558,5.01995325088501,4.990071773529053,24.39347267150879,-4.447311614790112,-5.596867092771709,-29.534516687855596,-4.361485606630471,-5.667989042672874,-29.534516687855596,-1.704740285873413,-4.98544192686677
23.600319623947144,5.019961833953857,4.988394737243652,24.39263153076172,-4.106215288548431,-5.62438576500871,-28.791609192148755,-3.850138307991041,-5.5390025048888925,-28.791609192148755,-0.9175829887390137,-4.899761065840721
23.700294017791748,5.019883632659912,4.987185955047607,24.3919620513916,-3.059076058790812,-5.610902917265705,-28.85128907667218,-2.5266393500859814,-5.549851666083374,-28.85128907667218,-0.2614583969116211,-4.828024506568909
23.800323009490967,5.019627094268799,4.985668659210205,24.390932083129883,-2.447066890825896,-5.585563980468619,-28.55114497874604,-2.01915528645368,-5.4979414868645335,-28.55114497874604,0.4257345199584961,-4.752247452735901
23.900305032730103,5.01929235458374,4.984654426574707,24.390104293823242,-1.4484332198282721,-5.520847334602493,-28.92661605303434,-0.9697391191910043,-5.5840161327935345,-28.92661605303434,1.302506446838379,-4.65563827753067
24.000396013259888,5.018871307373047,4.983818054199219,24.389266967773438,-0.7740851201514939,-5.538844031616234,-29.463216000009396,-0.4490452634123123,-5.702373930071625,-29.463216000009396,2.1947741508483887,-4.556330114603043
24.10044288635254,5.01827335357666,4.982968807220459,24.38823890686035,0.7846491453548398,-5.599394260643562,-28.73718600905552,0.7608288782132968,-5.597477289637165,-28.73718600905552,3.047086715698242,-4.461045503616333
24.200290203094482,5.017649173736572,4.982314109802246,24.387296676635742,1.3740713244829748,-5.598794101509238,-28.54234736597418,1.3472850728747678,-5.569594738263045,-28.54234736597418,3.9635214805603027,-4.35747629404068
24.300288677215576,5.0169477462768555,4.981806755065918,24.386363983154297,2.652959078003535,-5.636512513668747,-29.469853215390888,3.4048757493772355,-5.792737706043165,-29.469853215390888,4.70694637298584,-4.272430419921875
24.400346040725708,5.0162858963012695,4.981520652770996,24.385597229003906,3.6247235310816732,-5.704571135780723,-29.45621767341654,4.081809086152013,-5.793208395142618,-29.45621767341654,5.613898277282715,-4.167889297008514
24.500317811965942,5.015507698059082,4.981376647949219,24.384828567504883,5.093330404944998,-5.781963470236814,-29.403379946002453,4.793784054779409,-5.786622135142363,-29.403379946002453,6.46761417388916,-4.068809628486633
24.600291967391968,5.014348030090332,4.981395244598389,24.383947372436523,5.726393977974032,-5.7995945421168535,-28.619517004347735,5.903892273381967,-5.643136939174399,-28.619517004347735,7.188741683959961,-3.984416127204895
24.700284719467163,5.01317024230957,4.981559753417969,24.383256912231445,7.393792713678967,-5.78040591740539,-29.221578310696618,6.646189307937353,-5.794895913441647,-29.221578310696618,7.857244491577148,-3.905375123023987
24.80030345916748,5.011887550354004,4.981816291809082,24.382640838623047,7.90551816801177,-5.7993258623369535,-28.39383596730123,8.080297036689133,-5.65487691693278,-28.39383596730123,8.32587718963623,-3.849419951438904
24.900331258773804,5.010700702667236,4.982097148895264,24.38216209411621,9.337844561424626,-5.721865395192239,-29.349516754743508,8.830206665077792,-5.870696209582107,-29.349516754743508,8.952359676361084,-3.7733057737350464
25.000338077545166,5.009198188781738,4.982502460479736,24.381593704223633,9.962726190894857,-5.78834755152646,-29.281856532875636,9.277754999132757,-5.85642935560758,-29.281856532875636,9.356752395629883,-3.7235543727874756
25.100353717803955,5.007506370544434,4.983027458190918,24.381027221679688,11.195161090626357,-5.879135533203713,-29.588953105080176,10.155995093924114,-5.919395401994196,-29.588953105080176,9.710053443908691,-3.6794464588165283
25.200306177139282,5.005796432495117,4.98362922668457,24.380510330200195,11.60005601096948,-5.913478115635606,-29.47327928729926,10.482942781557938,-5.894624307417041,-29.47327928729926,10.021379470825195,-3.6400861740112305
25.300406455993652,5.004089832305908,4.984302997589111,24.38004493713379,12.306229516330763,-5.950988465633471,-29.318216181710604,11.28111904124743,-5.863769695581136,-29.318216181710604,10.265513896942139,-3.608783006668091
25.40029764175415,5.002291202545166,4.985098838806152,24.379648208618164,12.644884850292915,-5.935769756284247,-29.354740523910376,11.52159185454314,-5.872856530821123,-29.354740523910376,10.398123264312744,-3.5919008255004883
25.500288009643555,5.000410079956055,4.986016750335693,24.379301071166992,13.048587297748965,-5.921064851683904,-29.453254169181815,11.898494663887119,-5.896704646230415,-29.453254169181815,10.474846839904785,-3.5823689699172974
25.600383281707764,4.998727321624756,4.986904144287109,24.379039764404297,13.238519041930806,-5.925187658074842,-28.93993333088727,11.775540683252967,-5.799885062656375,-28.93993333088727,10.491897106170654,-3.5807799100875854
25.700325965881348,4.996798515319824,4.988008975982666,24.37879180908203,13.237806985230016,-5.845510897417599,-28.744734637680402,11.786578314713203,-5.764280450202159,-28.744734637680402,10.480711936950684,-3.5834213495254517
25.800304889678955,4.995084285736084,4.989092826843262,24.378631591796875,13.17138150586358,-5.8164258332056855,-29.04592810035493,11.993710675030757,-5.8451708409299465,-29.04592810035493,10.439455509185791,-3.5906670093536377
25.900291442871094,4.993391513824463,4.990289211273193,24.378557205200195,13.121079207684861,-5.837998635569208,-28.694563896277213,11.822970455750866,-5.778414736847937,-28.694563896277213,10.342355251312256,-3.606420874595642
26.00039005279541,4.991977214813232,4.9914231300354,24.378585815429688,12.980314640626942,-5.816028779613099,-29.043334311173144,11.905366826725526,-5.847906516959396,-29.043334311173144,10.1840500831604,-3.6310242414474487
26.100343465805054,4.990635395050049,4.992642879486084,24.37871742248535,12.739936252314422,-5.831820543350773,-28.974069230911436,11.808299810814546,-5.832550392988267,-28.974069230911436,9.976281642913818,-3.6629340648651123
26.200324058532715,4.989121437072754,4.994217395782471,24.379003524780273,12.612249749074458,-5.833268170913158,-28.903884845841812,11.555963791278668,-5.818908677319311,-28.903884845841812,9.74817180633545,-3.6985416412353516
26.300260543823242,4.987750053405762,4.995837211608887,24.379379272460938,12.315589402092472,-5.902321632130497,-29.802606925192176,11.794810781132018,-6.007246990554148,-29.802606925192176,9.44295883178711,-3.7458993196487427
26.40032148361206,4.986546039581299,4.997378826141357,24.379798889160156,12.239907060775518,-5.952488176194133,-28.33838870024622,10.67200985492109,-5.741220893609975,-28.33838870024622,9.068729877471924,-3.8040865659713745
26.50030541419983,4.9853997230529785,4.998965740203857,24.380252838134766,11.321907132784185,-5.8240505355166965,-29.39685289923962,10.8554490825777,-5.974561626722761,-29.39685289923962,8.719171047210693,-3.859084725379944
26.600303173065186,4.984353065490723,5.000582218170166,24.38069725036621,11.121580493439048,-5.883925976250781,-28.917481035618444,10.407317189593067,-5.881258522592162,-28.917481035618444,8.2595796585083,-3.931317448616028
26.70033097267151,4.983527183532715,5.002049446105957,24.38106346130371,10.29029224126299,-5.866563962273241,-28.578326175934194,9.767020711312842,-5.830463819001389,-28.578326175934194,7.758270263671875,-4.009894371032715
26.80029559135437,4.982738494873047,5.003668308258057,24.381425857543945,9.943973624226585,-5.852785877255708,-28.566201628475696,9.438584082900473,-5.83423858590449,-28.566201628475696,7.220335960388184,-4.0942822098731995
26.900301933288574,4.982165813446045,5.00507926940918,24.38174057006836,9.108893381370427,-5.891499839777906,-28.389979987597574,8.379045127355292,-5.838791700828856,-28.389979987597574,6.62986421585083,-4.186417579650879
27.000295639038086,4.9817962646484375,5.006245136260986,24.382015228271484,8.567335066235986,-5.872750440563432,-29.707959610428446,8.328702452714708,-6.126799451280663,-29.707959610428446,6.107358932495117,-4.2682918310165405
27.100342273712158,4.981520175933838,5.007455825805664,24.38233184814453,7.929808164071217,-6.049807594455078,-29.119989070213272,7.3363544235980225,-6.0395801802038624,-29.119989070213272,5.436096668243408,-4.373379588127136
27.200409412384033,4.981370449066162,5.008538722991943,24.382675170898438,7.359655837177063,-6.061929287387522,-29.661205819345582,6.942709655903363,-6.158651101577281,-29.661205819345582,4.658722400665283,-4.494898200035095
27.300338745117188,4.9813103675842285,5.009661674499512,24.383085250854492,5.968273967324102,-6.05679145549239,-28.41097485752259,5.723912302363775,-5.91961003283324,-28.41097485752259,3.9386239051818848,-4.607245296239853
27.400294065475464,4.981349945068359,5.010695457458496,24.38349723815918,5.405006415229128,-6.013660569663539,-28.846894878880402,5.278241958751409,-6.020366453199921,-28.846894878880402,3.070664405822754,-4.7408766746521
27.500317811965942,4.981448650360107,5.011498928070068,24.383861541748047,4.073916237926026,-6.082001202958482,-29.354688373428623,4.210355564089301,-6.142750340446152,-29.354688373428623,2.209044933319092,-4.871439442038536
27.600303411483765,4.9816179275512695,5.012288570404053,24.384288787841797,3.5653024626924927,-6.120267292661167,-29.019745502927265,2.9465338868693953,-6.108255817281058,-29.019745502927265,1.3582038879394531,-4.998838568106294
27.700302124023438,4.981884479522705,5.013037204742432,24.38479232788086,2.191374552039924,-6.1373892327844946,-29.351175972495405,1.7372490842320314,-6.210060027723449,-29.351175972495405,0.5957927703857422,-5.111924394965172
27.800435543060303,4.98225736618042,5.013729095458984,24.38534927368164,1.362929488100034,-6.18238940873226,-29.267027617687752,1.0395512456523184,-6.2065557179764586,-29.267027617687752,-0.1506195068359375,-5.221775829792023
27.900314331054688,4.982752323150635,5.014367580413818,24.38600730895996,-0.24403630782309568,-6.229988394767322,-29.28886693296609,0.36395239722378747,-6.210732025594117,-29.28886693296609,-0.9387321472167969,-5.3367467522621155
28.000317096710205,4.983283042907715,5.01487398147583,24.386669158935547,-0.7408548964038143,-6.241875172999162,-28.75010449871663,-0.792657801383676,-6.115909474049307,-28.75010449871663,-1.4886157512664795,-5.4164793491363525
28.100292444229126,4.983922958374023,5.015339374542236,24.387418746948242,-2.2167672555643505,-6.197694967200226,-29.270808549621368,-1.93319552192489,-6.249103041151722,-29.270808549621368,-2.1986637115478516,-5.518734455108643
28.20030975341797,4.984705448150635,5.015766620635986,24.3882999420166,-2.889252083429954,-6.2315969221246075,-29.467490103693635,-3.033616062084441,-6.292048822474897,-29.467490103693635,-2.8892295360565186,-5.617694079875946
28.300294637680054,4.985774993896484,5.016153335571289,24.38945198059082,-4.283988643614238,-6.297166979713951,-28.913723570667777,-3.433032623098112,-6.184792126262369,-28.913723570667777,-3.433294653892517,-5.69544905424118
28.400577068328857,4.98667049407959,5.016358375549316,24.390382766723633,-4.757938624905281,-6.269295432172358,-29.64007192978422,-4.01241491579677,-6.375075257692556,-29.64007192978422,-3.9447370767593384,-5.76815539598465
28.50034213066101,4.988231658935547,5.016562461853027,24.391923904418945,-5.9054723843476085,-6.327593717119401,-29.25662524437933,-4.864953425427814,-6.283021183215849,-29.25662524437933,-4.387248992919922,-5.8309436440467834
28.600286722183228,4.989581108093262,5.016654968261719,24.393190383911133,-6.28703124642392,-6.326412918158204,-29.51413288535886,-5.352132317649656,-6.341712332511427,-29.51413288535886,-4.840767323970795,-5.895024299621582
28.700318813323975,4.991120338439941,5.016716003417969,24.394567489624023,-7.194741509782999,-6.32774989487514,-29.49338212461212,-6.438742904354758,-6.3341633774921755,-29.49338212461212,-5.199958115816116,-5.945492923259735
28.800269603729248,4.99308443069458,5.016756534576416,24.396240234375,-7.646633506150847,-6.34358312405271,-29.563583944077124,-6.771852857311966,-6.3521837826863425,-29.563583944077124,-5.451249450445175,-5.980608820915222
28.900306940078735,4.994926929473877,5.016765117645264,24.397705078125,-8.247414622420102,-6.371082537191314,-29.470323291098275,-7.2567107318226505,-6.329724742464647,-29.470323291098275,-5.689282536506653,-6.013621926307678
29.000364780426025,4.996875286102295,5.016740798950195,24.399166107177734,-8.536473106782076,-6.367757601056222,-29.174118214442778,-7.394131144259152,-6.267784499952643,-29.174118214442778,-5.834655821323395,-6.033438205718994
29.10030198097229,4.9991631507873535,5.016656398773193,24.40081214904785,-8.93835208168446,-6.349195391712702,-29.519860665837562,-7.674723717825386,-6.343587998092685,-29.519860665837562,-5.900578677654266,-6.041991114616394
29.20025658607483,5.00137996673584,5.01652193069458,24.40231704711914,-9.025423382088238,-6.355390506772419,-29.140717171239245,-7.938882576036588,-6.25704291748413,-29.140717171239245,-5.943522036075592,-6.04708194732666
29.30028247833252,5.003421306610107,5.016342639923096,24.403663635253906,-9.180618547149562,-6.300270708701602,-29.708059302228644,-8.15854100034488,-6.382187967453067,-29.708059302228644,-5.97896808385849,-6.051306128501892
29.400269031524658,5.005724906921387,5.016058444976807,24.405101776123047,-9.250880019879448,-6.335588058278685,-28.88563699953592,-7.997740980195179,-6.2135619133780455,-28.88563699953592,-6.02223002910614,-6.056358695030212
29.50031805038452,5.007753849029541,5.015721321105957,24.406288146972656,-9.088264953467007,-6.23236682854169,-28.55793420061282,-7.946220351004961,-6.151303170468158,-28.55793420061282,-6.052403807640076,-6.059641242027283
29.60035538673401,5.009728908538818,5.015295505523682,24.40740966796875,-8.981204895761731,-6.1929307223320595,-28.550972650600315,-7.967504614086442,-6.153256020142797,-28.550972650600315,-6.097256541252136,-6.064842581748962
29.700324058532715,5.011602401733398,5.014779090881348,24.408475875854492,-8.819879629726387,-6.1566326777878295,-28.666575036309833,-8.11356828565674,-6.181096932451042,-28.666575036309833,-6.125437617301941,-6.067733287811279
29.8003032207489,5.0135979652404785,5.014070987701416,24.40962791442871,-8.771306637149303,-6.154308233515587,-28.522804218432867,-8.115941377212826,-6.149982001198857,-28.522804218432867,-6.1562180519104,-6.070795655250549
29.90030026435852,5.01531457901001,5.013278484344482,24.410640716552734,-8.6464596245725,-6.131381506731209,-29.524405772820252,-8.441082924365066,-6.339276092400126,-29.524405772820252,-6.1752976179122925,-6.072057723999023
30.000403881072998,5.016595363616943,5.012519359588623,24.411415100097656,-8.712460805645426,-6.203684269844647,-29.462445091645513,-8.471165508875506,-6.328593147197037,-29.462445091645513,-6.174240589141846,-6.070741176605225
30.10038948059082,5.017949104309082,5.011444091796875,24.412242889404297,-8.724531944426682,-6.24704421522422,-29.08483366320544,-8.4015128503216,-6.247875269778447,-29.08483366320544,-6.14354133605957,-6.065800786018372
30.20026183128357,5.018876075744629,5.010400295257568,24.412817001342773,-8.689317126529046,-6.24554920215298,-29.484918416202234,-8.521020612317368,-6.333617125232447,-29.484918416202234,-6.066474556922913,-6.055121183395386
30.300305604934692,5.019564628601074,5.009240627288818,24.413272857666016,-8.646356267771932,-6.274195720891791,-29.394006897165823,-8.409109188074883,-6.3185712790011035,-29.394006897165823,-5.960268557071686,-6.040640830993652
30.400331497192383,5.020042896270752,5.007867336273193,24.41368293762207,-8.59146506368097,-6.292838209527582,-29.468903507914483,-8.380787114227251,-6.3330939521050995,-29.468903507914483,-5.745387434959412,-6.0123610496521
30.5003662109375,5.020237922668457,5.006752967834473,24.4139347076416,-8.313570868323684,-6.236867976781723,-28.411177122993603,-7.9883142781817345,-6.1220656237558515,-28.411177122993603,-5.5336965918540955,-5.984778463840485
30.60031795501709,5.020291328430176,5.004831314086914,24.414325714111328,-8.156224825917034,-6.185789874773801,-28.87474050614303,-7.856382292120363,-6.211728388332415,-28.87474050614303,-5.28735613822937,-5.953212916851044
30.700313091278076,5.020143032073975,5.003249168395996,24.414628982543945,-7.772152614491811,-6.164025040178674,-28.55124555960359,-7.632629703959143,-6.1489615903181765,-28.55124555960359,-4.925874672830105,-5.907115876674652
30.80026149749756,5.019820213317871,5.001468181610107,24.415006637573242,-7.621271754643003,-6.148061242959675,-28.852353192029355,-7.062201412507472,-6.20950094815367,-28.852353192029355,-4.512003421783447,-5.854975759983063
30.90027093887329,5.019286155700684,4.999455451965332,24.415449142456055,-7.047072826587205,-6.173021161951582,-29.878905787327668,-7.052205561208064,-6.417208433326982,-29.878905787327668,-4.096632897853851,-5.802210092544556
31.000349044799805,5.018779277801514,4.997992038726807,24.41581153869629,-6.884526421457597,-6.266063134924562,-29.592168007698945,-6.687055984675911,-6.3539585371710405,-29.592168007698945,-3.654863119125366,-5.745592296123505
31.100404739379883,5.017854690551758,4.995838642120361,24.416425704956055,-6.129813421056685,-6.2626744962745695,-28.866858997818635,-5.900844182793194,-6.191887019766526,-28.866858997818635,-3.1467498540878296,-5.678919315338135
31.200273752212524,5.016788005828857,4.993802547454834,24.41707992553711,-5.79706261821295,-6.234315647720258,-29.35878231065922,-5.661886097261456,-6.300795208414356,-29.35878231065922,-2.5147085189819336,-5.596926331520081
31.300328493118286,5.015656471252441,4.991969108581543,24.41771697998047,-5.069094141495147,-6.2213096122802165,-28.760559388387758,-4.332270602964587,-6.148194292540517,-28.760559388387758,-2.0130531787872314,-5.532679796218872
31.40030026435852,5.014353275299072,4.990119457244873,24.418426513671875,-4.458518320538357,-6.188047286318759,-28.7137036313032,-3.882968123451361,-6.135054305648,-28.7137036313032,-1.2350268363952637,-5.435755968093872
31.5003023147583,5.013103485107422,4.988517761230469,24.419044494628906,-3.4878952500420635,-6.141421116006024,-29.130982779808576,-3.4471467589114893,-6.224497603309926,-29.130982779808576,-0.749201774597168,-5.374072343111038
31.600367546081543,5.011438846588135,4.986583232879639,24.419742584228516,-3.066803734415322,-6.165949757255139,-28.89958752437966,-2.4884968457102974,-6.18608805913043,-28.89958752437966,0.20305490493774414,-5.2534708976745605
31.700265645980835,5.009858131408691,4.984927654266357,24.420272827148438,-1.7515616631492292,-6.190678270009961,-29.137159088135224,-1.935571737622714,-6.239279613263882,-29.137159088135224,1.0150995254516602,-5.148823589086533
31.800261735916138,5.008215427398682,4.983376502990723,24.42068099975586,-1.3308592388859588,-6.206903521927616,-29.937182714293733,-0.19295073969474608,-6.391485699090726,-29.937182714293733,1.6956777572631836,-5.060516983270645
31.90031599998474,5.0067267417907715,4.982120037078857,24.420969009399414,0.2799613128705308,-6.33129303754044,-29.416520763697076,0.36898766956801854,-6.278288607166626,-29.416520763697076,2.6289334297180176,-4.938903123140335
32.00028109550476,5.004947185516357,4.980798244476318,24.421232223510742,0.9104009380396567,-6.3188208571400075,-29.468517676034224,1.0492725765318225,-6.291634776967349,-29.468517676034224,3.561004161834717,-4.815622791647911
32.100412368774414,5.003201484680176,4.979660511016846,24.42142105102539,2.547082985994442,-6.314430844876046,-29.47940212751538,2.3657960707012062,-6.296618716628339,-29.47940212751538,4.366423606872559,-4.708302795886993
32.20025181770325,5.00130558013916,4.978560447692871,24.4216251373291,3.1632934329164,-6.313441460229504,-29.56929764759147,3.0540958380259617,-6.317216923488612,-29.56929764759147,5.285073280334473,-4.584686666727066
32.300315618515015,4.99965763092041,4.977696418762207,24.421777725219727,4.746838054445502,-6.295542438200371,-29.20910464345056,4.316665652638672,-6.244386505976234,-29.20910464345056,5.949326515197754,-4.4944868087768555
32.40028500556946,4.998011589050293,4.976909160614014,24.421903610229492,5.329715819794704,-6.277905593573805,-29.468079867253,5.6720895230679815,-6.298281473349199,-29.468079867253,6.856447219848633,-4.370707869529724
32.50027084350586,4.996273040771484,4.976176738739014,24.421974182128906,6.801138455973507,-6.2944476287964095,-29.45786724033999,6.982950568089095,-6.295356663936582,-29.45786724033999,7.533588409423828,-4.276988387107849
32.60031199455261,4.994762897491455,4.975636005401611,24.422035217285156,7.673041641434372,-6.297575968589686,-29.1148922552683,7.520572809218601,-6.216327837752933,-29.1148922552683,8.38205099105835,-4.158844232559204
32.70031785964966,4.993319034576416,4.975218296051025,24.4221134185791,8.896965173112635,-6.2459241143780035,-29.011922601125494,8.137220410906078,-6.178782534693735,-29.011922601125494,9.119990825653076,-4.055692434310913
32.80032658576965,4.991679668426514,4.974864482879639,24.422260284423828,9.408166735087155,-6.216095307584911,-29.409075705253755,9.463276794928593,-6.242712808703891,-29.409075705253755,9.729499340057373,-3.970080614089966
32.90048861503601,4.990481853485107,4.974679946899414,24.422426223754883,11.028836604573376,-6.26720458492937,-29.865387091384285,10.123932444690956,-6.34150595292544,-29.865387091384285,10.266079425811768,-3.894379138946533
33.000343561172485,4.988838195800781,4.974506855010986,24.4227294921875,11.503798455900817,-6.298093437636181,-29.522140220677972,10.546570178343044,-6.271508102908371,-29.522140220677972,10.746888160705566,-3.826244354248047
33.10028028488159,4.987326622009277,4.974415302276611,24.423072814941406,12.616364783887398,-6.308746581809223,-29.80219551280676,11.61214869647738,-6.3298203250601786,-29.80219551280676,11.191422462463379,-3.762817144393921
33.200358152389526,4.986067771911621,4.974404335021973,24.423412322998047,13.017064054363995,-6.321162039568043,-29.332683715990786,12.587248363323827,-6.225403962891563,-29.332683715990786,11.480952262878418,-3.721164345741272
33.30038571357727,4.984905242919922,4.974460124969482,24.42375373840332,13.98963494019867,-6.262406791636647,-28.94651300736811,12.725498545265825,-6.134572803235805,-28.94651300736811,11.75484848022461,-3.681360125541687
33.40031576156616,4.983557224273682,4.974654197692871,24.424179077148438,14.231110160248535,-6.208582046828737,-28.66915441019118,12.901346517183082,-6.068496227134808,-28.66915441019118,11.9566969871521,-3.6518369913101196
33.5003080368042,4.9826130867004395,4.974926471710205,24.42449951171875,14.473834826353045,-6.101610144305894,-29.62551943545936,13.795862425014413,-6.2432623044726165,-29.62551943545936,12.08696699142456,-3.632604241371155
33.600353479385376,4.981472015380859,4.975486755371094,24.424922943115234,14.831012247199832,-6.14479791162912,-29.343996036124572,13.820835136161953,-6.181683261095753,-29.343996036124572,12.149364471435547,-3.6236220598220825
33.700369358062744,4.980694770812988,4.976057052612305,24.425243377685547,15.06595061123658,-6.104830400578756,-28.800032915435484,13.693686192243753,-6.062774063785626,-28.800032915435484,12.167702674865723,-3.621029496192932
33.80031943321228,4.979695796966553,4.977116584777832,24.425687789916992,15.039245288623132,-6.074776049531184,-28.87703457616907,13.872726136850954,-6.077204452566268,-28.87703457616907,12.159918308258057,-3.623196601867676
33.9002640247345,4.979017734527588,4.978161334991455,24.42599868774414,15.021570356828839,-6.055837693044936,-28.91828156716852,13.902213069773133,-6.0851613997497385,-28.91828156716852,12.108758449554443,-3.6325939893722534
34.000263929367065,4.978464126586914,4.979329586029053,24.42624282836914,14.962144578682542,-6.053257606962496,-28.856918581005445,13.879329525471391,-6.071665940191856,-28.856918581005445,11.997245788574219,-3.6520800590515137
34.100311517715454,4.977957725524902,4.980849266052246,24.426448822021484,14.711908731709864,-6.025367742884086,-28.791931213908637,13.765038306040815,-6.065953109061156,-28.791931213908637,11.846423149108887,-3.6783459186553955
34.20029258728027,4.977649211883545,4.982244968414307,24.426570892333984,14.586025177327135,-6.027348164567148,-29.21500424037048,13.805151865845463,-6.152664846369496,-29.21500424037048,11.643581867218018,-3.7129825353622437
34.300331115722656,4.977391242980957,4.984312534332275,24.426679611206055,14.390598225067473,-6.0921758175068055,-29.561975187917962,13.86158467156057,-6.229923822235442,-29.561975187917962,11.399550437927246,-3.755398988723755
34.400299310684204,4.977303981781006,4.986062049865723,24.426698684692383,14.323296099066273,-6.142906419239483,-29.95840091325194,13.896862062356632,-6.320901665007472,-29.95840091325194,11.104708194732666,-3.8061693906784058
34.50029754638672,4.977316856384277,4.988483905792236,24.426654815673828,13.790269129928472,-6.153574763472483,-28.575997150764877,12.874475669139205,-6.05021099953021,-28.575997150764877,10.843913078308105,-3.851013660430908
34.60035943984985,4.97741174697876,4.990435600280762,24.42660140991211,13.445056834969384,-6.111230199828339,-28.72394294918592,12.713718107854792,-6.092532298543478,-28.72394294918592,10.551637172698975,-3.9026204347610474
34.700297594070435,4.977639198303223,4.993042945861816,24.426509857177734,12.909258879313855,-6.153223591821949,-29.337670352278103,12.732703705329325,-6.240047533633129,-29.337670352278103,10.192541122436523,-3.967616319656372
34.800286531448364,4.97797155380249,4.995791912078857,24.426368713378906,12.750825720648303,-6.189922961683455,-29.11313791128869,11.974723216803977,-6.25597088806822,-29.11313791128869,9.714099407196045,-4.0543811321258545
34.90027928352356,4.978346824645996,4.998237133026123,24.426244735717773,12.028805238570472,-6.242927027305836,-28.900285352037272,11.58398090292666,-6.226064472744069,-28.900285352037272,9.322421073913574,-4.124850630760193
35.00034713745117,4.978749752044678,5.000349044799805,24.426132202148438,11.664912163450072,-6.244869553044546,-28.928662569086747,10.935293172311988,-6.28623886020808,-28.928662569086747,8.687435626983643,-4.235925614833832
35.100390672683716,4.979257106781006,5.002537727355957,24.426015853881836,10.698043112935293,-6.325073433598236,-29.236924890791727,10.679875971683003,-6.377413833099462,-29.236924890791727,8.162307262420654,-4.328037083148956
35.20033621788025,4.979976177215576,5.005029201507568,24.425872802734375,10.395956227308748,-6.361681116923884,-29.184392066425495,10.26914153701659,-6.392435892082967,-29.184392066425495,7.544780254364014,-4.437596678733826
35.300254344940186,4.980749607086182,5.007195949554443,24.425745010375977,9.467689598047171,-6.43704843905853,-29.27160736095483,9.02495612026993,-6.47227103943653,-29.27160736095483,6.824951648712158,-4.56551069021225
35.400259256362915,4.981642246246338,5.009280681610107,24.425662994384766,8.909082122581617,-6.474004575904414,-29.298482629800244,8.535520706667317,-6.509810488514887,-29.298482629800244,6.210713863372803,-4.673954635858536
35.5003125667572,4.982532024383545,5.011069297790527,24.42557716369629,7.975377644595082,-6.538556204893226,-29.14677680519464,7.4720477866085995,-6.520127827278877,-29.14677680519464,5.337045192718506,-4.826533392071724
35.60035538673401,4.983490467071533,5.012732028961182,24.42545509338379,7.308621903651283,-6.558372777952786,-29.363592349396207,6.928875294742457,-6.589542062704989,-29.363592349396207,4.690723896026611,-4.939381070435047
35.700387716293335,4.984522819519043,5.014262676239014,24.425304412841797,5.911853757037243,-6.562246255803419,-28.560243885478233,6.149207873209582,-6.438337106910474,-28.560243885478233,3.8479347229003906,-5.0763662196695805
35.800315380096436,4.98563289642334,5.015633583068848,24.425094604492188,5.434961128296026,-6.535503824597919,-28.799451215717685,4.5073689474523135,-6.595557143066948,-28.799451215717685,3.2325029373168945,-5.176253721117973
35.90027856826782,4.986998558044434,5.016987323760986,24.424781799316406,3.838771029536837,-6.609539278137449,-29.366918904381645,4.048424646783884,-6.752833715200044,-29.366918904381645,2.5201382637023926,-5.288662225008011
36.000391244888306,4.9884161949157715,5.018077373504639,24.424402236938477,3.2596635012908575,-6.6925588925201875,-29.031995463620586,2.927216630392283,-6.693724851625302,-29.031995463620586,1.7668180465698242,-5.407676517963409
36.100425243377686,4.989818572998047,5.018912315368652,24.423988342285156,1.6953672801899877,-6.741089614962175,-28.98282079721264,2.364109392256317,-6.691629804610584,-28.98282079721264,1.0177106857299805,-5.525506794452667
36.20029282569885,4.991549968719482,5.019677639007568,24.42344093322754,1.2296137912949174,-6.751209112039765,-28.515527802787027,1.8019343912187864,-6.5964899922115245,-28.515527802787027,0.347989559173584,-5.630136549472809
36.30029535293579,4.993272304534912,5.020192623138428,24.422924041748047,0.003849176073067663,-6.775431381442761,-29.30009519320746,0.7646541974339991,-6.800749895667636,-29.30009519320746,-0.31603479385375977,-5.733218431472778
36.400336027145386,4.994946002960205,5.020490646362305,24.422435760498047,-0.44152926381260144,-6.813570002996462,-29.252239976019823,-0.8146075413977165,-6.833323895528167,-29.252239976019823,-0.8125486373901367,-5.8099000453948975
36.50030159950256,4.996781349182129,5.020610332489014,24.421878814697266,-1.9124052221150643,-6.874309304912746,-28.871977642704763,-1.2760501361201202,-6.743825000705172,-28.871977642704763,-1.5351407527923584,-5.920922100543976
36.60032558441162,4.998183250427246,5.020586013793945,24.421415328979492,-2.436330847246698,-6.851184477613286,-29.20042805974247,-1.7854410317151088,-6.84371702321825,-29.20042805974247,-2.028658390045166,-5.996649086475372
36.70035791397095,5.00022029876709,5.020397663116455,24.420682907104492,-3.613475405389104,-6.88170177451143,-29.109204935624156,-2.676178885667951,-6.828272703434543,-29.109204935624156,-2.5077908039093018,-6.069764971733093
36.800372838974,5.0016584396362305,5.020155906677246,24.420087814331055,-4.0119384404286516,-6.88473083757939,-29.414864074342677,-3.5262941303133517,-6.90954976823504,-29.414864074342677,-3.086209297180176,-6.157740592956543
36.90031123161316,5.003292083740234,5.0197434425354,24.419279098510742,-4.910548031381021,-6.939282361028573,-29.428594482514328,-4.297755789215477,-6.913925472735251,-29.428594482514328,-3.503525137901306,-6.220133900642395
37.000357151031494,5.004860877990723,5.019191741943359,24.418325424194336,-5.399504600266565,-6.953441043504801,-29.069202813451245,-4.5844733503815505,-6.844331989271144,-29.069202813451245,-3.8738348484039307,-6.275113821029663
37.100258350372314,5.006450653076172,5.018474102020264,24.41716194152832,-6.01386426954955,-6.916295988824947,-29.557091251742335,-5.360251924533797,-6.985722975317845,-29.557091251742335,-4.2661492228508,-6.333134055137634
37.200332164764404,5.007785320281982,5.017758846282959,24.416006088256836,-6.427685658675085,-6.961721535798663,-29.63144213312073,-5.653189938407891,-7.0041862817331975,-29.63144213312073,-4.507547557353973,-6.3684433698654175
37.300304651260376,5.009012222290039,5.016993522644043,24.41473388671875,-7.102967235519222,-7.027916126463481,-29.698246154097497,-5.98560892496042,-7.017887646258929,-29.698246154097497,-4.789922341704369,-6.409638285636902
37.40031576156616,5.010110855102539,5.016161918640137,24.41332244873047,-7.273524474553141,-7.045998702851314,-29.38047603789287,-6.429017629608913,-6.935753410049312,-29.38047603789287,-5.023824214935303,-6.443393588066101
37.50033092498779,5.011041641235352,5.015268325805664,24.411828994750977,-7.743414391260313,-7.010933789216013,-29.491855131630306,-6.89497450601822,-6.9692220976319295,-29.491855131630306,-5.21765361726284,-6.471208691596985
37.60027742385864,5.011784553527832,5.014306545257568,24.410289764404297,-7.939778363079629,-7.009083863719174,-29.59888111214669,-7.2427664806162,-6.996278788434873,-29.59888111214669,-5.414631336927414,-6.499403119087219
37.70031213760376,5.012290954589844,5.013345718383789,24.40888214111328,-8.28515852342756,-7.021868829246528,-28.551641104939655,-7.138814118945913,-6.752975962088675,-28.551641104939655,-5.556521475315094,-6.519405961036682
37.80032157897949,5.012617588043213,5.012319087982178,24.407533645629883,-8.277238428962436,-6.923410997097962,-29.064319640574958,-7.547751824747317,-6.87060325615102,-29.064319640574958,-5.7395307421684265,-6.545387387275696
37.90034008026123,5.012779712677002,5.011289119720459,24.406354904174805,-8.504828501726445,-6.8948784465291935,-29.12012332682373,-7.6960417818329425,-6.884291338117134,-29.12012332682373,-5.888307869434357,-6.566327691078186
38.000420570373535,5.012823104858398,5.010091304779053,24.405155181884766,-8.539879971114585,-6.888545645439667,-29.000368108026358,-8.007801430270785,-6.881795153042637,-29.000368108026358,-6.009885311126709,-6.5830758810043335
38.10029649734497,5.012758731842041,5.008536338806152,24.403852462768555,-8.703050690996669,-6.878611219316951,-29.68792958481948,-8.307255402393993,-7.059601351763578,-29.68792958481948,-6.12849485874176,-6.59896445274353
38.20026755332947,5.012660503387451,5.007167816162109,24.402856826782227,-8.825876607677829,-6.948669843189846,-28.593791427506837,-8.073841191526624,-6.803777355550405,-28.593791427506837,-6.235711574554443,-6.613171219825745
38.30029606819153,5.012527942657471,5.005589485168457,24.40185546875,-8.72537382192734,-6.851087307217397,-29.45152384258855,-8.511283223266204,-7.003819930354565,-29.45152384258855,-6.38333535194397,-6.633196711540222
38.40032124519348,5.0123467445373535,5.003619194030762,24.400768280029297,-8.839050763016823,-6.906073177104022,-29.697948883943717,-8.721642342185728,-7.061036136101548,-29.697948883943717,-6.467218041419983,-6.643466591835022
38.50029706954956,5.012190818786621,5.001863956451416,24.39990997314453,-9.029882786468175,-6.973988634484416,-29.384338267790877,-8.674159801812088,-6.977060465565189,-29.384338267790877,-6.580723762512207,-6.6582725048065186
38.60032844543457,5.0120625495910645,5.000262260437012,24.399198532104492,-9.042165653166537,-6.978126458952937,-29.444641794063976,-8.917576492308498,-6.956540464990573,-29.444641794063976,-6.645238757133484,-6.6660648584365845
38.70028519630432,5.011916160583496,4.998461723327637,24.398475646972656,-9.168234831483636,-6.967293837621817,-29.268057912454484,-8.955880430630076,-6.917838987010116,-29.268057912454484,-6.747581124305725,-6.679196715354919
38.80028486251831,5.0117692947387695,4.996728420257568,24.397823333740234,-9.191468921420803,-6.947743729281954,-29.690445631999484,-9.180086001569968,-7.017904570264973,-29.690445631999484,-6.824400305747986,-6.688614726066589
38.900333404541016,5.0116143226623535,4.995109558105469,24.397233963012695,-9.326134320424677,-6.993728685248242,-29.457173921873913,-9.194952371398745,-6.961341058243763,-29.457173921873913,-6.898420214653015,-6.6978408098220825
39.00027251243591,5.011431694030762,4.993414402008057,24.396635055541992,-9.34658759856416,-6.982696388350535,-29.445773723098668,-9.279459381965768,-6.95871040057011,-29.445773723098668,-6.96442973613739,-6.705864191055298
39.10025072097778,5.01120662689209,4.991723537445068,24.396032333374023,-9.308799816830062,-6.884948221485471,-28.611712525233,-9.084162092429803,-6.758859421061555,-28.611712525233,-7.02092432975769,-6.7124844789505005
39.2002739906311,5.010926723480225,4.990071773529053,24.395362854003906,-9.247054451131948,-6.82425163977564,-29.336796756385496,-9.43355106770053,-6.902498148256809,-29.336796756385496,-7.080739974975586,-6.719660758972168
39.300331354141235,5.01063871383667,4.988706111907959,24.394752502441406,-9.3882003650797,-6.855135159300951,-29.535970865173294,-9.576048984675406,-6.9325380965666685,-29.535970865173294,-7.125156879425049,-6.724729299545288
39.40031290054321,5.010348320007324,4.987549781799316,24.3941593170166,-9.47173724624403,-6.876746768908209,-29.461775536895786,-9.600659543657152,-6.915699292383008,-29.461775536895786,-7.17182993888855,-6.730430483818054
39.50035524368286,5.009824752807617,4.98585319519043,24.393104553222656,-9.520460577702917,-6.8373785299660295,-28.895597937368706,-9.504748600915029,-6.785842691077926,-28.895597937368706,-7.21346640586853,-6.734879493713379
39.60032558441162,5.009451866149902,4.984860897064209,24.392370223999023,-9.505899390350569,-6.805206497550276,-29.558314271909516,-9.730017394236343,-6.943283084858924,-29.558314271909516,-7.256423234939575,-6.740392446517944
39.70033121109009,5.008913040161133,4.983708381652832,24.391403198242188,-9.649149494202717,-6.868431613792552,-28.508845259630917,-9.491545645906662,-6.693417407850966,-28.508845259630917,-7.292235374450684,-6.744515895843506
