time,quad x,quad y,quad z,kftag x,kftag y,kftag z,tag x,tag y,tag z
4.982948303222656e-05,4.992514610290527,5.025441646575928,8.456780910491943,0.013413215225706985,-0.0015410862605672914,-9.897214064909424,0.006030841716924584,0.0006417719432727509,-9.877603472681827
0.1002955436706543,4.992730140686035,5.024371147155762,8.4523606300354,0.009933079911643128,0.0006526830620791389,-9.878451466349098,0.006535909573528009,0.0003486070691458565,-9.878451466349098
0.20028281211853027,4.993005275726318,5.023204326629639,8.447893619537354,0.008281867996385568,0.0017038527178077792,-9.878221992295876,0.005244287800160841,0.0011157273558373149,-9.874431152810295
0.3003528118133545,4.993328094482422,5.021866321563721,8.443224430084229,0.006772838887162943,0.0025003470982341907,-9.873357625061985,0.0034387604084251677,0.0013257310258252275,-9.873357625061985
0.400256872177124,4.993624210357666,5.020579814910889,8.439204692840576,0.004605958450338617,0.0031337884486195666,-9.869707944745544,0.0004878678611568432,0.00125607452485621,-9.869962006827953
0.5003228187561035,4.993946552276611,5.019091606140137,8.435000896453857,0.001995359026838496,0.00316178312876934,-9.86427306075315,-0.0013886457440142053,0.002604946336034253,-9.86427306075315
0.6003501415252686,4.994241714477539,5.017651081085205,8.4312744140625,-0.0008303760120632498,0.004103065346506688,-9.868034374845564,0.00037184494299946635,0.012488515028477032,-9.861842780219744
0.7002873420715332,4.994500637054443,5.016294002532959,8.42799186706543,-0.0017746639185176134,0.009490970614738995,-9.865326138028944,-0.0005350190699333623,0.01454589258396144,-9.865326138028944
0.8003692626953125,4.99472713470459,5.015047550201416,8.42511510848999,-0.002168276370376499,0.014422126955486076,-9.861852985010355,-0.00414778096809254,0.021216170199877205,-9.859938292293876
0.9002618789672852,4.9950151443481445,5.013504505157471,8.421760082244873,-0.0036229352123752718,0.01980108062697033,-9.859938292293876,-0.004124739529217436,0.024121057065030982,-9.84873857244694
1.0003273487091064,4.995306968688965,5.012091159820557,8.418833255767822,-0.0051750523573139045,0.02443240175017119,-9.863478907482811,0.0004188190905987099,0.0280492394618026,-9.863478907482811
1.100276231765747,4.995509624481201,5.011176586151123,8.417027950286865,-0.003125560074131959,0.029683912059954916,-9.850504265098415,-0.0005843999887265028,0.03145532501524162,-9.855694461342747
1.2002160549163818,4.995821952819824,5.00977897644043,8.414510250091553,-0.0020740797104545827,0.033916776373517726,-9.855694461342747,-0.0008028870771195074,0.03141001719534575,-9.83754849347892
1.3003487586975098,4.99601411819458,5.008853435516357,8.413050174713135,-0.0020716551331462427,0.03599168097054316,-9.839413625394023,-0.00475163446286242,0.032506154435612444,-9.832267149386961
1.4003181457519531,4.996219158172607,5.007823467254639,8.411628246307373,-0.004217428006822613,0.037265119195257906,-9.832267149386961,-0.004334617593963586,0.035287676720408,-9.829905822352055
1.5002825260162354,4.996419429779053,5.006921291351318,8.410590171813965,-0.005364724362029752,0.038662455868611764,-9.837554397201751,-0.005948079812683638,0.042579171392616466,-9.837753872621052
1.6002788543701172,4.996631145477295,5.006170749664307,8.409899234771729,-0.0071709995401235595,0.04358821339953909,-9.837753872621052,0.0012184946611402125,0.04000475365405887,-9.83817326566383
1.7003552913665771,4.996909141540527,5.005504131317139,8.40946102142334,-0.005056984756723802,0.0454677690030609,-9.84705352496218,0.0005496632922676881,0.04016776472000938,-9.84705352496218
1.8003208637237549,4.997247219085693,5.004947185516357,8.409258365631104,-0.0024608746558048207,0.045519589926877636,-9.833366961190181,0.0008809910717095804,0.04009177032004363,-9.833994122906617
1.9002747535705566,4.99758243560791,5.004538536071777,8.409255981445312,-0.0007573071851807399,0.045241815995852384,-9.830801752911716,9.402832030236397e-05,0.04022610268240445,-9.830801752911716
2.000316619873047,4.997942924499512,5.004202842712402,8.409380435943604,-0.0004404288884102834,0.0447761695705868,-9.843080733173707,-0.000650873845322586,0.040443239633031425,-9.841683587526944
2.1002297401428223,4.998520851135254,5.003796100616455,8.409750938415527,-0.0006161748605333843,0.04450761454008897,-9.841683587526944,-0.003539907341317594,0.04092352856304693,-9.840461402064388
2.2002949714660645,4.998963356018066,5.003533840179443,8.410154342651367,-0.0018134668430221858,0.044147731752426145,-9.83410285281974,-0.007844154911714085,0.039718993231994126,-9.83410285281974
2.300307273864746,4.999433517456055,5.003274917602539,8.41068696975708,-0.005759100022710547,0.04311706826664394,-9.825008640314739,-0.0062172680742556,0.03543056497262764,-9.82747915317738
2.400270462036133,4.999922752380371,5.002989292144775,8.41132116317749,-0.007556301542252827,0.04039065839928331,-9.818691357525154,-0.005209134702385043,0.032400202367176334,-9.818691357525154
2.5002875328063965,5.000268459320068,5.002783298492432,8.41179370880127,-0.006994523852337828,0.036358131280453516,-9.828132126982222,-0.004506369529348575,0.03253979479461311,-9.824885957519971
2.6003432273864746,5.000830173492432,5.002448558807373,8.412600994110107,-0.006214315384516465,0.03423511320880959,-9.824885957519971,-0.00535891006288125,0.03246354983968569,-9.829956399615035
2.7003116607666016,5.0014166831970215,5.002077579498291,8.413496494293213,-0.006033656516083979,0.03305713466136004,-9.827590865771466,-0.006622046809173554,0.03304403014588431,-9.832639299325244
2.800476551055908,5.001877307891846,5.001810073852539,8.414226531982422,-0.007012202409208183,0.03270375801705156,-9.832639299325244,-0.006417230557457465,0.037043965902473275,-9.833577418641381
2.9003095626831055,5.002363681793213,5.001576900482178,8.415015697479248,-0.007244449704212545,0.033945532103919165,-9.84154273605535,-0.008466082204521719,0.04139748095335083,-9.85101531380097
3.0002963542938232,5.003096580505371,5.001304626464844,8.41621732711792,-0.008761989427658125,0.03797256909921,-9.85101531380097,-0.00972863752914055,0.04099284164628347,-9.852497814504131
3.1003286838531494,5.003654956817627,5.001137733459473,8.417180061340332,-0.009659680066457519,0.04010833641719066,-9.836075971002327,-0.012034823886009072,0.040775815745653254,-9.836075971002327
3.2003512382507324,5.004336833953857,5.000987529754639,8.418403148651123,-0.011771060592838733,0.04089868158947356,-9.84905380956236,-0.011529786198919645,0.041675760296501,-9.832515324365882
3.3003993034362793,5.005001544952393,5.000903129577637,8.419661045074463,-0.012443166277713696,0.041470329678900394,-9.832515324365882,-0.011351491239059541,0.04231245270535755,-9.856782810248474
3.400317668914795,5.005583763122559,5.000870227813721,8.420806884765625,-0.012660013987108268,0.04220637345372173,-9.84987379350109,-0.010972443292491363,0.04152187343396552,-9.84987379350109
3.5002806186676025,5.00634765625,5.000885009765625,8.422332763671875,-0.012405216272513267,0.04218711179396415,-9.849843580664704,-0.010851245927265829,0.04163053695262242,-9.85568008385826
3.600320816040039,5.007148742675781,5.000941276550293,8.423919677734375,-0.011963739623991722,0.04207174703004522,-9.850935864682066,-0.012243150698537875,0.04123678081406812,-9.850935864682066
3.700299024581909,5.0079426765441895,5.001048564910889,8.42542839050293,-0.012660255440399039,0.04180011868415283,-9.849732052388152,-0.013385627347124895,0.04153138637733189,-9.854841216124733
3.800351619720459,5.0088210105896,5.001235008239746,8.426988124847412,-0.013598516674683868,0.0416829232641665,-9.857527965809107,-0.012379010841534033,0.04224790678375534,-9.857527965809107
3.900301218032837,5.009449481964111,5.001415729522705,8.428024291992188,-0.013444502306544351,0.042105524829583005,-9.859602733591215,-0.012524364402125343,0.043996684493008864,-9.860380116594307
4.000251054763794,5.01066780090332,5.001885890960693,8.429827213287354,-0.013395851794039152,0.04314698909919465,-9.860380116594307,-0.012622368529806138,0.04480985229765455,-9.861390536550562
4.100339651107788,5.011569499969482,5.00233268737793,8.430955410003662,-0.013328372339143895,0.04411649281786937,-9.859922222006485,-0.013985460336103372,0.04521075681757214,-9.859922222006485
4.2003397941589355,5.012648582458496,5.00294303894043,8.432095050811768,-0.01408812022843468,0.04501364462523994,-9.867063558158026,-0.016450471054890947,0.041711639344085505,-9.863817043401642
4.300315618515015,5.013561248779297,5.003518104553223,8.432876586914062,-0.015718834351450724,0.04367280857037226,-9.863817043401642,-0.02358129729568237,0.04294050228221025,-9.862029402388808
4.400298357009888,5.014404296875,5.004117488861084,8.433467388153076,-0.01921377619008971,0.042987102287445206,-9.864606099991697,-0.0255823533211057,0.04191805048901465,-9.864600543885818
4.500265121459961,5.015696048736572,5.005153656005859,8.434131145477295,-0.024009541761194735,0.04242030745493382,-9.864600543885818,-0.02345888850256994,0.0422546484798767,-9.857613607464405
4.600306510925293,5.016697406768799,5.006018161773682,8.434479236602783,-0.025556034784474338,0.042099301463131414,-9.867843426306981,-0.022947133723085322,0.04264787038582174,-9.867843426306981
4.700259447097778,5.017930030822754,5.00715446472168,8.43475341796875,-0.025349055006463943,0.04224575541990263,-9.859964348492449,-0.02584039688433215,0.040359081972511035,-9.863967868882348
4.800295352935791,5.018855571746826,5.008100509643555,8.434874057769775,-0.02630002526528438,0.041209045810246224,-9.867766749610409,-0.03192175457896518,0.04045428049034783,-9.871358658269477
4.900277853012085,5.020028591156006,5.009528636932373,8.434972286224365,-0.030090213135134,0.040204354270712984,-9.87135865826948,-0.03701518637732715,0.041123791146794986,-9.872107534438868
5.000275611877441,5.020828723907471,5.010733604431152,8.435028076171875,-0.034489569036574165,0.04017640163510374,-9.86354086277253,-0.04149770260822194,0.04011272919859188,-9.86354086277253
5.100280523300171,5.021721363067627,5.012455940246582,8.43511962890625,-0.04058541543070792,0.03973798151190306,-9.867850888261511,-0.04798432616268933,0.03716746323240283,-9.871692911852586
5.200314044952393,5.0222578048706055,5.013861179351807,8.435174465179443,-0.04601121209237115,0.038294377293052906,-9.870634390261749,-0.050623923828060136,0.034674524842594145,-9.870634390261749
5.300285339355469,5.02268123626709,5.015525817871094,8.43522310256958,-0.05155374370656206,0.03551934366857733,-9.866190879606858,-0.055060180654179725,0.027767770695708016,-9.85994948318832
5.400355577468872,5.02291202545166,5.017451286315918,8.435258388519287,-0.056555738886688335,0.030074385448002613,-9.863709222742992,-0.05519185526918946,0.02472596975467578,-9.863709222742992
5.500349044799805,5.022922039031982,5.018885612487793,8.43529224395752,-0.05908435019124016,0.025397497259787682,-9.863156139494743,-0.05493569558765188,0.01939806249999876,-9.87067411958971
5.600264310836792,5.022741794586182,5.020796775817871,8.435386180877686,-0.06005685944082413,0.020908462520731145,-9.87067411958971,-0.054648700894388114,0.014389348130706026,-9.863570720874185
5.700450420379639,5.0223469734191895,5.022646427154541,8.435543537139893,-0.0598955891446852,0.016006792805995644,-9.860941763889246,-0.05356040790973715,0.009745147501744711,-9.860941763889246
5.800281047821045,5.021971225738525,5.023814678192139,8.435680866241455,-0.058738505167850445,0.00961704553966741,-9.864991622531429,-0.04965352637439846,-0.000701835242191251,-9.874018547239363
5.90030312538147,5.021064758300781,5.025851726531982,8.43593692779541,-0.05573813992048656,0.0016237680234568264,-9.874018547239363,-0.049849623006016586,-0.0008174460124763527,-9.860476391858093
6.0003180503845215,5.020541191101074,5.026783466339111,8.436041831970215,-0.05372801304186076,-0.003562659852989092,-9.864396480555039,-0.04421907925121715,-0.0029513412250326,-9.866740790452068
6.100338459014893,5.0194196701049805,5.028409481048584,8.436196327209473,-0.048796321484922064,-0.00723300098516186,-9.866740790452068,-0.0435459386078243,-0.0030954187131042588,-9.870515689890425
6.200420379638672,5.018241882324219,5.029725074768066,8.43626880645752,-0.04618803111605985,-0.00869678327690186,-9.87186452190726,-0.04866193934537133,-0.004824979210820146,-9.868816394582135
6.300372838973999,5.016948223114014,5.030853271484375,8.43627405166626,-0.04639566207955202,-0.01000540532556379,-9.868816394582135,-0.04781908863417872,-0.00738616191485697,-9.87435270659819
6.400367975234985,5.015496253967285,5.031849384307861,8.436214923858643,-0.04742974556926401,-0.011302563581233483,-9.882474453047504,-0.04143000346094805,-0.014213638752189617,-9.868023055172452
6.500306129455566,5.014189720153809,5.032552242279053,8.436123371124268,-0.044645039467430474,-0.015615104041594123,-9.868023055172452,-0.03931042152400632,-0.015432756993547514,-9.86607361766379
6.600331783294678,5.012691974639893,5.033160209655762,8.43598747253418,-0.0415714986529276,-0.018651401456102352,-9.854189964622346,-0.035947435333760325,-0.018246663374775096,-9.864448883862039
6.700311899185181,5.01053524017334,5.033715724945068,8.435731410980225,-0.03833549202064071,-0.02148304080880038,-9.864448883862039,-0.032467683271542036,-0.021306776667437077,-9.874758392831936
6.800359487533569,5.009063720703125,5.033907413482666,8.435514450073242,-0.034533012752719174,-0.0239768966822925,-9.857995560244811,-0.022993611650912626,-0.022600575899635267,-9.865065484978018
6.900285005569458,5.006826400756836,5.033945083618164,8.43513822555542,-0.02729033689302286,-0.026636243834615075,-9.865065484978018,-0.024574727813217123,-0.021447331838652772,-9.865330551714482
7.000317811965942,5.005250930786133,5.033831596374512,8.434844970703125,-0.02296713849893486,-0.026995021144132447,-9.870093278010637,-0.012113317549959035,-0.016654587267284526,-9.868137960584646
7.100226640701294,5.003139972686768,5.033538818359375,8.43444013595581,-0.015752577230122154,-0.023817895699671826,-9.868137960584646,-0.010976836416369373,-0.014640756690024403,-9.863985320310004
7.200308322906494,5.001616477966309,5.033236980438232,8.434141635894775,-0.00989629299241922,-0.020912285035168166,-9.8630677737928,-0.005611784000388198,-0.012350924127474627,-9.87450305644748
7.300293445587158,4.999484539031982,5.032686710357666,8.4336838722229,-0.0042700472146497605,-0.017378814973820853,-9.874503056447482,-0.00287304666663335,-0.011195534250451722,-9.869335931418904
7.400264739990234,4.99832820892334,5.032319068908691,8.433432579040527,-0.00012644486537156954,-0.014797957678428758,-9.873624229656517,-0.0019961293446000283,-0.012679412975174387,-9.87138678806865
7.5002851486206055,4.996310234069824,5.031551361083984,8.432956218719482,0.0027057560138828442,-0.013647789065725568,-9.87138678806865,-0.0008046756881885386,-0.012211361879503002,-9.869881225590483
7.600308895111084,4.994747638702393,5.030831336975098,8.43253469467163,0.004331719115085785,-0.013041384084717323,-9.855988023369989,0.004692703279963517,-0.010109460516461333,-9.855314240093325
7.70028281211853,4.993037223815918,5.029911994934082,8.432018280029297,0.008053271905858089,-0.011447132095447043,-9.855314240093325,0.0046792480021569105,-0.00880270371278069,-9.86347541294652
7.800288200378418,4.991455078125,5.028904914855957,8.43149471282959,0.009921882326713587,-0.00988664124123008,-9.860565425632535,0.006954304710625081,-0.006129746167625072,-9.856453863666466
7.900279521942139,4.99005126953125,5.027824401855469,8.430975914001465,0.011303902113103002,-0.007245848296545835,-9.856453863666466,0.01478914360334116,-0.011118980325925953,-9.861058427790136
8.000282287597656,4.988671779632568,5.026524543762207,8.4303879737854,0.01494236437140201,-0.007476332704041112,-9.862750825000933,0.016562029249489463,-0.008173091106980834,-9.86289248158817
8.100280523300171,4.9873762130737305,5.025040149688721,8.429683208465576,0.019543578720372292,-0.007757305282622194,-9.86289248158817,0.0170760943676731,-0.005169850424434408,-9.860592150285559
8.20032262802124,4.986331462860107,5.023609638214111,8.428955078125,0.021639842261143377,-0.006184061028290067,-9.856458961705338,0.01771703892915788,-0.003643274455548351,-9.856458961705338
8.300373077392578,4.985342979431152,5.021998405456543,8.428075313568115,0.022823366890632708,-0.0037045283524358968,-9.857391131203592,0.022613769236485837,0.0024338012164504264,-9.860143231440608
8.40026569366455,4.984427452087402,5.020164489746094,8.42701768875122,0.024989419573816223,0.00040679229835669065,-9.860143231440608,0.026710007289612037,0.005846877609965162,-9.861463548559747
8.500288248062134,4.983729839324951,5.018387317657471,8.425958156585693,0.028177556241887072,0.004454010276337188,-9.856798069991086,0.022813346223533593,0.010927022502047024,-9.856798069991086
8.600269317626953,4.983246326446533,5.016690731048584,8.424903392791748,0.028111623815995506,0.010362784933459398,-9.861708078802511,0.030235439702143374,0.013683182115859616,-9.869393543787263
8.700267553329468,4.982956886291504,5.014855861663818,8.423749923706055,0.03186063009779003,0.014453629333876014,-9.857601832488962,0.03392044972723873,0.014205726824155107,-9.857601832488962
8.800279378890991,4.982906818389893,5.012994289398193,8.422555446624756,0.03600931313846167,0.017102192811001997,-9.857416622822582,0.035612877690676115,0.018062351210117455,-9.84489364027104
8.900256872177124,4.983071327209473,5.011191368103027,8.421352863311768,0.0384480854896108,0.019973886824310456,-9.85572621939384,0.0327339412829355,0.022947827040948887,-9.85572621939384
9.000237703323364,4.983422756195068,5.009352684020996,8.42008638381958,0.037923770565888436,0.02473428688686865,-9.847109999574585,0.0280029117203906,0.028397674846319276,-9.855999502878014
9.10030484199524,4.9839372634887695,5.007525444030762,8.418810367584229,0.03532297542769792,0.029482660793430957,-9.84964619656613,0.02777169449091499,0.03057678959939647,-9.84964619656613
9.200278520584106,4.984386444091797,5.006280422210693,8.41795825958252,0.032619480687269005,0.03364578852674396,-9.844295817775187,0.019336070696079233,0.03991266693935103,-9.845843876315948
9.300358057022095,4.985243797302246,5.004372596740723,8.4166579246521,0.027641719558126863,0.03985132022861486,-9.845843876315948,0.018153597399277466,0.042140638558918475,-9.84652231049338
9.400322675704956,4.985903739929199,5.003184795379639,8.415839672088623,0.022668551761728484,0.04470066749521136,-9.84089907460254,0.018698681443398257,0.046258532099304084,-9.841553289009564
9.500267267227173,4.986912250518799,5.00173807144165,8.414816856384277,0.020252626565462926,0.04923809535438821,-9.841553289009564,0.015214897078249301,0.05166286484108262,-9.838564171823364
9.600226163864136,4.987703800201416,5.00086784362793,8.41417646408081,0.017485751231829633,0.05364302540712078,-9.843333006667157,0.014607475096660494,0.056431086698318644,-9.845317620092933
9.700266361236572,4.988949298858643,4.999866962432861,8.413426876068115,0.014832472796001342,0.05957808872127631,-9.845317620092933,0.01703741347282417,0.05620496685585863,-9.847214874851506
9.800344705581665,4.989871025085449,4.999338150024414,8.413041591644287,0.01429521905645114,0.06220847884993925,-9.85289483722115,0.013393250222729414,0.055859344600569294,-9.845882796410663
9.900258541107178,4.991117000579834,4.998820781707764,8.412667274475098,0.012952162601317195,0.06281963511498695,-9.845882796410663,0.012181946151526013,0.055860453970387525,-9.850299648741448
10.000338554382324,4.992476463317871,4.998438835144043,8.412378787994385,0.01140475484341624,0.06262724458397839,-9.83852050620414,0.005132326581295921,0.053194239807345056,-9.841680766836825
10.10028862953186,4.994011878967285,4.998175144195557,8.412145137786865,0.0066032451960764005,0.06073806109870687,-9.841680766836827,0.002250060082339189,0.052344850983960356,-9.833454376193469
10.200336694717407,4.995114326477051,4.998079776763916,8.412007808685303,0.0027103038316806005,0.058785305288225564,-9.830821713663587,-0.0008866378733651814,0.05146603955508233,-9.829769381186711
10.300338745117188,4.996698379516602,4.998056411743164,8.411870002746582,-0.0013028638809543453,0.05674584768837431,-9.829769381186711,-0.0015228208321023118,0.05068358410016849,-9.829771088921072
10.400319576263428,4.9978814125061035,4.998115062713623,8.411819458007812,-0.003881162589976392,0.0550574820841547,-9.830633680870244,0.0004037703018857641,0.04875489898855001,-9.828682869431375
10.50028920173645,4.9994096755981445,4.998280048370361,8.411813259124756,-0.0037912231975146668,0.05283779092028325,-9.828682869431374,-0.007979713491428342,0.04839637005734865,-9.821574431833826
10.600269556045532,5.000881671905518,4.998524188995361,8.411860942840576,-0.006673048461062188,0.051093214010319486,-9.830601154381181,-0.010842983668604589,0.04729635024096002,-9.830601154381181
10.700263261795044,5.002202987670898,4.998793601989746,8.41194200515747,-0.011806526760264521,0.04927417549210158,-9.832753598644329,-0.009899878980824894,0.04351662337520157,-9.838315197270518
10.800319194793701,5.003621578216553,4.999144077301025,8.412042140960693,-0.013295351337636926,0.046505595014987064,-9.839423131018837,-0.010878686766381485,0.042360209724856546,-9.839423131018837
10.900299310684204,5.004968166351318,4.999571323394775,8.41216230392456,-0.01470695521229213,0.04370506706673747,-9.841696255908738,-0.012277405285032295,0.046497312524832246,-9.826573781268676
11.000306367874146,5.006229877471924,5.000089168548584,8.412334442138672,-0.015724153353846713,0.04415234564310932,-9.822944717694371,-0.014803798581878524,0.04640613234274671,-9.822944717694371
11.100262880325317,5.007496356964111,5.000744342803955,8.412551879882812,-0.01779181442003643,0.04489177690242998,-9.829498590261949,-0.02183312919285285,0.046434306582718854,-9.82889807726914
11.200273275375366,5.008492946624756,5.001374244689941,8.412731170654297,-0.022836727048191518,0.04580422750561835,-9.833456129208107,-0.02390402086957444,0.04485439976946637,-9.833456129208107
11.300269365310669,5.009517669677734,5.002150535583496,8.412911415100098,-0.026417351152110125,0.04476243760911853,-9.845751703035944,-0.028034499503525545,0.04144755871412009,-9.847176277645527
11.400349378585815,5.0103654861450195,5.002923488616943,8.413060188293457,-0.030011284773062415,0.04244015192492287,-9.85004288698435,-0.02871830873249781,0.0416356383720462,-9.850042886984347
11.500320196151733,5.011220455169678,5.003903865814209,8.41322660446167,-0.03238417070883059,0.0410725018395091,-9.84483346808199,-0.028309121988425723,0.04404855154229104,-9.84498863537188
11.600324630737305,5.011964321136475,5.005048751831055,8.413398265838623,-0.032603128570828345,0.04133009012010138,-9.839637435131033,-0.029677129184491058,0.04319868328240606,-9.839637435131033
11.700263261795044,5.012497901916504,5.006115436553955,8.413572311401367,-0.0336251593002658,0.0415306533563842,-9.840511606014886,-0.03579029983987958,0.04064765606992182,-9.842476312262303
11.800309419631958,5.012966632843018,5.007347106933594,8.41377592086792,-0.03626358257470899,0.040595037270271625,-9.838284618155157,-0.036160364325630745,0.03812128264893211,-9.838284618155157
11.90027379989624,5.013298511505127,5.008556842803955,8.413989543914795,-0.03882477840575538,0.038157635787935816,-9.832826853433186,-0.03393815226433006,0.033893572943739514,-9.840164989056372
12.000343799591064,5.0135345458984375,5.00980806350708,8.414228439331055,-0.038109729529884735,0.03467803354904859,-9.837730217741026,-0.03148917858383271,0.031071537359674828,-9.837730217741026
12.100285053253174,5.013686180114746,5.010983943939209,8.414506435394287,-0.03632686092131153,0.03099060373021691,-9.845099425161385,-0.0330529770997936,0.027184857649249494,-9.848646828668926
12.200309038162231,5.013815402984619,5.01258659362793,8.414976119995117,-0.035412415740367666,0.02697603493342012,-9.848646828668926,-0.030676972440917716,0.026849616579308844,-9.850266914706317
12.300319910049438,5.013861179351807,5.013478755950928,8.415281295776367,-0.034560643762775234,0.02484450630445914,-9.847345651134539,-0.028977246390637035,0.02474357163375185,-9.844081716669846
12.400261640548706,5.01389217376709,5.015335559844971,8.416017055511475,-0.03232434399080683,0.02292003902636114,-9.844081716669846,-0.029185172440550744,0.023501302018305026,-9.832585197271925
12.500284194946289,5.013854026794434,5.016607761383057,8.41658067703247,-0.031048501041308754,0.02134937140718376,-9.833778240131327,-0.030467039499600723,0.017717335156073766,-9.83544468744628
12.60026478767395,5.013739585876465,5.017938137054443,8.41722583770752,-0.031100887344543318,0.017779910375972117,-9.83544468744628,-0.0296964875152943,0.012649513226865139,-9.84261936353369
12.700323104858398,5.013515949249268,5.01927375793457,8.417952060699463,-0.030746849250337265,0.013520045136252119,-9.846911213120308,-0.03504350070386941,0.01192178033828828,-9.846911213120308
12.800343036651611,5.01321268081665,5.020377159118652,8.418643474578857,-0.03352105468846956,0.009846644645282997,-9.837305271552776,-0.032847338231887235,0.005992080811495271,-9.835075314368195
12.9003746509552,5.012722969055176,5.021565914154053,8.419484615325928,-0.03439348629554623,0.005571715586971904,-9.835746084055192,-0.03325918191737465,0.0054634406157196835,-9.835746084055192
13.000264406204224,5.012162685394287,5.022491455078125,8.42024040222168,-0.03411863350153031,0.0024176553350951494,-9.83668703479793,-0.03646222560945667,0.0007783360433428754,-9.845845931239765
13.10031795501709,5.011354923248291,5.023399353027344,8.421136379241943,-0.035304928679807,-0.0009644150063286231,-9.846450823254804,-0.03752182238867263,-0.0012365945874472928,-9.846450823254804
13.200279235839844,5.010458946228027,5.024092674255371,8.421987056732178,-0.03699337218102069,-0.004350946870010528,-9.852505375588885,-0.038343058466699276,-0.0025265433778578483,-9.839166941238343
13.300325155258179,5.009321212768555,5.024694919586182,8.422941207885742,-0.03868115958945342,-0.0064404139924937286,-9.840977955548585,-0.03645139639566164,-0.003181168043249194,-9.840977955548585
13.400276184082031,5.008120059967041,5.025116920471191,8.423885822296143,-0.037884187567633724,-0.007640756060406511,-9.851488728857827,-0.032642241238613146,-0.004274740067613969,-9.853591278905212
13.500349998474121,5.006740570068359,5.02543306350708,8.42498779296875,-0.03563587638199603,-0.008557343273441232,-9.856326156160698,-0.028339575108852877,-0.004069664973009424,-9.856326156160698
13.600399494171143,5.005796909332275,5.025584697723389,8.425771236419678,-0.03122163670794645,-0.00858496704255728,-9.856565653251126,-0.02255808858899222,-5.126901680796436e-05,-9.850550401075411
13.700317621231079,5.004117488861084,5.025753021240234,8.42723798751831,-0.025724478448192468,-0.006334783349155654,-9.857558482898485,-0.01994528879299473,0.00032448019873587697,-9.857558482898485
13.800358057022095,5.002557754516602,5.025789737701416,8.42870044708252,-0.021027856873265825,-0.0041787678080046345,-9.852214348860976,-0.010637941664761286,-0.0025936589645114694,-9.861955020350967
13.900338411331177,5.001298904418945,5.025711536407471,8.42990255355835,-0.013410379462531463,-0.004589302467065852,-9.86027193030183,-0.010398275009464442,-0.003184907883555965,-9.86027193030183
14.000294208526611,5.0001654624938965,5.025549411773682,8.430984497070312,-0.00913833153577724,-0.0049791367363930085,-9.860573514756728,-0.00816373835672568,-0.0036186616837809993,-9.859234228837826
14.100268602371216,4.998452186584473,5.025152683258057,8.432569980621338,-0.006170696317552123,-0.0053678461079746526,-9.859234228837826,-0.009837469509795582,-0.002575398685823238,-9.848068868819146
14.200300931930542,4.997176170349121,5.024764060974121,8.433742046356201,-0.005104725936766261,-0.004916809697255625,-9.857949781046402,-0.006455953972098527,-0.0003077080789593012,-9.857949781046402
14.300330400466919,4.995682716369629,5.024231910705566,8.435104370117188,-0.003185598196501008,-0.0028868642201236184,-9.86498549875014,-0.004113212936690758,0.0016422879208883856,-9.86588240681686
14.400310277938843,4.994626998901367,5.023802280426025,8.436052799224854,-0.0013494813027169121,-0.0005194441972748805,-9.868799517891764,0.0020906560978799504,0.0015633624911552957,-9.854373724532568
14.500292301177979,4.993144989013672,5.023083209991455,8.437360763549805,0.0029278069363428824,0.0007817408768746296,-9.854373724532568,0.006868271942812143,0.003903291448205337,-9.859358304177809
14.600290060043335,4.9923176765441895,5.022593975067139,8.43808126449585,0.007035489962838878,0.002284363025121723,-9.871124222172064,0.0070182703368653065,0.002016295684795111,-9.871124222172064
14.700303077697754,4.9911208152771,5.021700382232666,8.43911600112915,0.010155610241886295,0.002543621249435285,-9.87356263228305,0.014333537181964395,-0.0002562184897616504,-9.868483677075893
14.800271034240723,4.990057468414307,5.020667552947998,8.439981937408447,0.014442040147475799,0.0016626412649560706,-9.86689485154014,0.010651265078275962,0.001458122170936882,-9.869006915699943
14.900259017944336,4.989243984222412,5.019701957702637,8.440561771392822,0.01663650183938977,0.0013897288887740214,-9.869006915699943,0.013278279832845463,0.002522303442154872,-9.889764474924345
15.000288724899292,4.988508224487305,5.018661975860596,8.440981388092041,0.017211259373124857,0.0021662459126539214,-9.882362904592945,0.010906039325337957,0.007374510576248383,-9.873289042545354
15.100313901901245,4.987880706787109,5.017550945281982,8.441251754760742,0.017196502112326963,0.005046534005987785,-9.873875042683908,0.020003154579860016,0.010439871961488656,-9.867586084585838
15.200310945510864,4.987303733825684,5.016137599945068,8.441413402557373,0.021198218362835527,0.008808569130257756,-9.867586084585838,0.021793479313138242,0.012172557683012286,-9.869059441065207
15.300349950790405,4.986993789672852,5.015067100524902,8.441465854644775,0.023952172151974625,0.011618655831471843,-9.871652136976687,0.019870071299650682,0.012361501933437324,-9.87087923574189
15.400293111801147,4.986680507659912,5.013613224029541,8.44149923324585,0.024686351085529353,0.013412569915253648,-9.87087923574189,0.01667166486633853,0.013448180288381018,-9.869659334738003
15.500316619873047,4.986488342285156,5.012414455413818,8.441526412963867,0.02324813424520832,0.014726378391970387,-9.872309626545341,0.014597422858459552,0.018637034760360827,-9.880631518046531
15.600369453430176,4.986313819885254,5.010664939880371,8.441536903381348,0.020026091377310838,0.0181179218963893,-9.880631518046531,0.01761268777024405,0.02386070973908172,-9.874236700102479
15.70064401626587,4.986284255981445,5.0094895362854,8.441536903381348,0.019292033159200736,0.022150612521729483,-9.874571016533823,0.019090759207871955,0.028264895159795245,-9.874512069053761
15.800301551818848,4.986364841461182,5.00787353515625,8.441515445709229,0.020319880981747276,0.02773632726654933,-9.874512069053761,0.017628530272443932,0.029047827330681564,-9.867976869549521
15.900289535522461,4.9864821434021,5.006772518157959,8.441452503204346,0.020202736969688353,0.03098725353794726,-9.875591278559323,0.012626150646689815,0.031055705556664925,-9.865349623301855
16.000468015670776,4.986697673797607,5.005307674407959,8.44128942489624,0.01774897869382048,0.033328822005032475,-9.865349623301855,0.013992460621428116,0.03312464521309533,-9.893191834698124
16.100337028503418,4.986992359161377,5.003917217254639,8.441053867340088,0.01562898438603452,0.03548783448966996,-9.882560669589001,0.016296597560338633,0.03863763911278806,-9.869489021730379
16.200310230255127,4.987332820892334,5.002745151519775,8.440789222717285,0.014937754842663298,0.03956997630406243,-9.871883313553273,0.01639924647968538,0.039379288773239374,-9.871883313553273
16.300299882888794,4.987746238708496,5.001650333404541,8.440505981445312,0.015815749477563527,0.042452716752482494,-9.879104270339228,0.015900762579863503,0.041971566019032736,-9.867125728741442
16.40028190612793,4.988164901733398,5.00078010559082,8.440256595611572,0.015929896432079316,0.04485612310087773,-9.866102312172412,0.01497509992049384,0.0448117983200067,-9.866102312172412
16.50028896331787,4.988799095153809,4.999827861785889,8.439937114715576,0.015333662978164495,0.047837922371068056,-9.885325851006963,0.015012761403915498,0.05386691319388426,-9.867108703441396
16.600282430648804,4.9893317222595215,4.999306678771973,8.439731121063232,0.014768763687657241,0.053561173604797854,-9.863768958658937,0.01692063077097483,0.0577710058276395,-9.866837671034345
16.700247764587402,4.990283489227295,4.998786449432373,8.439382076263428,0.015894310864457417,0.059037419960089425,-9.866837671034345,0.014036507917451146,0.05828398007994107,-9.865454764166731
16.80029797554016,4.990982532501221,4.998621940612793,8.439150333404541,0.015355338666244103,0.0621267928064503,-9.870788560385403,0.013505057370116091,0.05806837439442969,-9.868772768827615
16.900352001190186,4.992040157318115,4.998574256896973,8.438807010650635,0.014063217168323516,0.0634716414270008,-9.868772768827617,0.01632404435317447,0.05547809797933834,-9.864365207614991
17.000311613082886,4.993268013000488,4.998687744140625,8.438429355621338,0.014302111240734914,0.06268550996265367,-9.872452099541713,0.014960839405757653,0.054110551923463035,-9.872452099541713
17.10027527809143,4.994603633880615,4.998924255371094,8.438061237335205,0.014311957200263114,0.0604147498637633,-9.8731205750282,0.00957676322308565,0.05092631814123383,-9.873083210800484
17.200324296951294,4.996045112609863,4.999248027801514,8.43767261505127,0.012195525601299884,0.057670449640210876,-9.88668725906065,0.013652226006994894,0.048422115193576865,-9.88668725906065
17.30028748512268,4.997589588165283,4.999634742736816,8.437263011932373,0.012435861247666663,0.053771890696916735,-9.878537112125032,0.008615157441417942,0.04528832130522531,-9.875544291599581
17.400323152542114,4.99931526184082,5.000107288360596,8.436820030212402,0.009715878327193308,0.049870874829313926,-9.86534546385684,0.005781135241939239,0.04540416541434045,-9.86534546385684
17.50033736228943,5.001083850860596,5.000636100769043,8.436379432678223,0.006445471837763835,0.04755550077058823,-9.868468643493065,0.001463275157544075,0.043176746122635556,-9.870104265303311
17.600337743759155,5.002903461456299,5.001225471496582,8.435916423797607,0.0030539657453782184,0.04538454189182629,-9.861646304291027,-0.001258224993637036,0.04181197432402062,-9.861646304291027
17.700303554534912,5.004120826721191,5.001651287078857,8.435569286346436,-0.001084174423467948,0.042899629141307016,-9.870523144678351,-0.012235937265341335,0.042126393920428384,-9.861836461678944
17.800379037857056,5.006598472595215,5.002612113952637,8.434751510620117,-0.007816279170226382,0.04186293593321625,-9.871352242974373,-0.0133081320934485,0.041430606423784155,-9.871352242974373
17.900301218032837,5.008331775665283,5.003377437591553,8.43407678604126,-0.013667298641633635,0.040826550563604555,-9.859886543872964,-0.02136001414199562,0.04261644327311309,-9.865517588536493
18.00028109550476,5.0101447105407715,5.004255294799805,8.433306217193604,-0.0195663219404161,0.040547940195940144,-9.856509441812987,-0.02237408835071175,0.0417518357710307,-9.856509441812987
18.100377082824707,5.0119123458862305,5.005194187164307,8.432479858398438,-0.024672585055859307,0.040390717110337836,-9.874725158296343,-0.02581154046821066,0.03990976119518308,-9.867280568346281
18.200313091278076,5.013581275939941,5.006167888641357,8.431645393371582,-0.02804676530975673,0.0394530864634123,-9.864990197023,-0.025818492079928923,0.038537858541987546,-9.864990197023
18.3002986907959,5.014815330505371,5.006955623626709,8.431002140045166,-0.030419793872429744,0.03794841475429424,-9.86584048205189,-0.030456118186207526,0.03791952335623261,-9.855904907757916
18.400212049484253,5.016706943511963,5.008315086364746,8.430010318756104,-0.033037598107058946,0.037072597846506065,-9.855904907757916,-0.03419452299011372,0.03791321031943706,-9.864681103751423
18.50031805038452,5.017956256866455,5.009350299835205,8.429331302642822,-0.03637163370766717,0.03646551866915446,-9.860781436094943,-0.0364879498962809,0.03855412993979801,-9.853459024399863
18.60025978088379,5.019656181335449,5.01097297668457,8.428353786468506,-0.04014318055689677,0.03678671499710591,-9.853459024399863,-0.03926458175497771,0.03561592063617436,-9.861978837699498
18.700189352035522,5.02072286605835,5.012122631072998,8.427688598632812,-0.042573979396506346,0.035815840631234885,-9.859264441056256,-0.042327412759259,0.025960908585982878,-9.858988490531983
18.800182819366455,5.02201509475708,5.013672828674316,8.426804065704346,-0.04539002519653082,0.02981778214389895,-9.858988490531983,-0.04443068757770252,0.02390012175412881,-9.853583207582819
18.90033745765686,5.022914409637451,5.014866828918457,8.426093101501465,-0.047783807928922374,0.025069196240799962,-9.854029248141801,-0.04741771034604536,0.02076872664688434,-9.854029248141801
19.00027108192444,5.02388334274292,5.016381740570068,8.425154209136963,-0.05096502233065477,0.02036093513606986,-9.860448104624577,-0.04918786722446811,0.017562527699723773,-9.854363204758407
19.100322723388672,5.024508953094482,5.017571926116943,8.42435359954834,-0.052452806093422344,0.016338647144037658,-9.8511552963469,-0.053945331215111025,0.012435066546594875,-9.857527873114005
